ModuleID,ModuleName,ModuleDescription,CourseID
18,Introduction to Microsoft Azure,"<h4><strong>Overview of Cloud Computing</strong></h4><ul><li><strong>What is Cloud Computing?</strong><ul><li>Explanation of the core concepts of cloud computing and how it has revolutionized the IT landscape.</li></ul></li><li><strong>Types of Cloud Services</strong>:<ul><li><strong>IaaS (Infrastructure as a Service)</strong>: Provides virtualized computing resources.</li><li><strong>PaaS (Platform as a Service)</strong>: Allows developers to build applications without worrying about infrastructure.</li><li><strong>SaaS (Software as a Service)</strong>: Ready-to-use software solutions delivered over the internet.</li></ul></li></ul><h4><strong>Getting Started with Azure</strong></h4><ul><li><strong>Azure Portal</strong>:<ul><li>Navigating the <strong>Azure Portal</strong>, understanding dashboard, and key features.</li></ul></li><li><strong>Creating an Azure Account</strong>:<ul><li>Step-by-step guide to signing up for a free Azure account.</li></ul></li></ul>",6
19,Core Azure Services,"<h4><strong>Compute Services</strong></h4><ul><li><strong>Virtual Machines (VMs)</strong>:<ul><li>How to create, configure, and manage Azure VMs.</li></ul></li><li><strong>App Services</strong>:<ul><li>Hosting and scaling web applications with Azure App Services.</li></ul></li></ul><h4><strong>Storage Services</strong></h4><ul><li><strong>Azure Blob Storage</strong>:<ul><li>Understanding Azure’s object storage for massive data needs.</li></ul></li><li><strong>Azure Files</strong>:<ul><li>Creating managed file shares in the cloud.</li></ul></li></ul>",6
13,Read Before You Start!,"<h4><strong>Introduction</strong></h4><p>Before diving into JavaScript concepts like arrow functions, loops, and event handling, it's important to have a clear understanding of some basic principles. This section serves as a primer to help you prepare for the concepts that follow.</p><h4><strong>Why Preparation is Important</strong></h4><ul><li><strong>Understanding the Basics</strong>: JavaScript is a versatile language that can sometimes behave in unexpected ways if you're not familiar with its nuances. Taking the time to familiarize yourself with foundational concepts ensures a smoother learning experience.</li><li><strong>Contextual Awareness</strong>: JavaScript is often used alongside HTML and CSS. A good grasp of how these technologies work together will help you see the bigger picture.</li><li><strong>Avoiding Common Pitfalls</strong>: Before diving in, it's helpful to know some common mistakes beginners make, such as misunderstanding scope or the behavior of asynchronous functions.</li></ul>",5
14,Arrow Functions,"<h3><strong>Arrow Functions</strong></h3><h4><strong>What are Arrow Functions?</strong></h4><p>Arrow functions were introduced in ES6 as a concise way to write functions. They are syntactically shorter and offer specific advantages, especially in dealing with the this keyword.</p><h4><strong>Syntax of Arrow Functions</strong></h4><ul><li><p>Traditional Function:</p><p><i>function sayHello() {
 &nbsp;return ""Hello!"";
}</i>
</p></li><li><p>Arrow Function:</p><p><i>const sayHello = () =&gt; ""Hello!"";</i>
</p></li></ul><h4><strong>Advantages of Arrow Functions</strong></h4><ul><li><strong>Concise Syntax</strong>: The code is shorter, especially when dealing with one-liners.</li><li><strong>No Binding of this</strong>: Arrow functions do not bind their own this, which makes them more predictable in certain contexts, such as event handlers and object methods.</li><li><strong>Implicit Return</strong>: When there is only one expression in the function body, the return keyword is implied.</li></ul>",5
15,Iteration: The for Loop,"<h4><strong>Introduction to Loops</strong></h4><p>In programming, loops allow you to run a block of code multiple times. JavaScript provides several types of loops, but the most common and versatile is the for loop.</p><h4><strong>Syntax of the for Loop</strong></h4><p>The for loop consists of three parts: initialization, condition, and iteration.</p><p><i>for (let i = 0; i &lt; 5; i++) {
 &nbsp;console.log(i);
}</i>
</p><h4><strong>Key Components</strong></h4><ul><li><strong>Initialization</strong>: let i = 0; sets up a counter variable.</li><li><strong>Condition</strong>: i &lt; 5; checks if the loop should continue running.</li><li><strong>Iteration</strong>: i++ increments the counter by 1 after each loop iteration.</li></ul><h4><strong>Use Cases</strong></h4><ul><li><p><strong>Array Iteration</strong>: You can use for loops to iterate over arrays and perform operations on each item.</p><p><i>const fruits = [""apple"", ""banana"", ""cherry""];
for (let i = 0; i &lt; fruits.length; i++) {
 &nbsp;console.log(fruits[i]);
}</i>
</p></li></ul>",5
16,"Attributes, Classes and IDs","<h4><strong>Understanding HTML Attributes</strong></h4><p>HTML elements have attributes that provide additional information. Attributes are always defined in the opening tag and usually come in name-value pairs.</p><h4><strong>Common Attributes</strong></h4><ul><li><p><strong>id</strong>: Provides a unique identifier for an HTML element.</p><p>&lt;div id=""uniqueElement""&gt;&lt;/div&gt;
</p></li><li><p><strong>class</strong>: Allows you to group elements for styling and behavior.</p><p>&lt;div class=""common-class""&gt;&lt;/div&gt;
</p></li></ul><h4><strong>Using Classes vs IDs</strong></h4><ul><li><strong>IDs</strong> are unique within a document, meaning an element can only have one id value. They are often used for targeting specific elements.</li><li><strong>Classes</strong> can be used multiple times across various elements, which makes them ideal for styling or applying common behaviors to groups of elements.</li></ul><h4><strong>Selecting Elements with JavaScript</strong></h4><ul><li><p>To select by id:</p><p>document.getElementById(""uniqueElement"");
</p></li><li><p>To select by class:</p><p>document.getElementsByClassName(""common-class"");
</p></li></ul>",5
17,Handling Click Events,"<h2><strong>Handling Click Events</strong></h2><h4><strong>Introduction to Events</strong></h4><p>In JavaScript, events are actions that occur when the user interacts with the web page, such as clicks, mouse movements, or keyboard input. Click events are among the most commonly used in web development.</p><h4><strong>Adding a Click Event Listener</strong></h4><p>You can handle clicks by adding an event listener to an HTML element.</p><p>const button = document.getElementById(""myButton"");
button.addEventListener(""click"", () =&gt; {
 &nbsp;alert(""Button was clicked!"");
});
</p><h4><strong>Using Event Object</strong></h4><p>When a click event occurs, the event object is passed to the event handler. This object contains useful information such as the clicked element and mouse position.</p><p><i>button.addEventListener(""click"", (event) =&gt; {
 &nbsp;console.log(event.target); // Logs the clicked element
});</i>
</p><h4><strong>Preventing Default Behavior</strong></h4><p>In some cases, you may want to prevent the default behavior of an element, such as stopping a form from submitting or preventing a link from navigating.</p><p>const link = document.getElementById(""myLink"");
link.addEventListener(""click"", (event) =&gt; {
 &nbsp;event.preventDefault(); // Prevents the link from navigating
 &nbsp;console.log(""Link click prevented"");
});</p>",5
20,Networking in Azure,"<h4><strong>Azure Virtual Networks (VNet)</strong></h4><ul><li><strong>Creating and Managing Virtual Networks</strong>:<ul><li>Understand subnets, network security groups, and routing.</li></ul></li></ul><h4><strong>Azure VPN Gateway</strong></h4><ul><li><strong>Connecting Networks</strong>:<ul><li>Setting up VPN gateways to establish secure connections between on-premises and cloud environments.</li></ul></li></ul><h4><strong>Load Balancing and Traffic Management</strong></h4><ul><li><strong>Azure Load Balancer</strong>:<ul><li>Distributing incoming traffic across multiple VMs for high availability.</li></ul></li></ul>",6
21,Azure Security and Identity Management,<h4><strong>Azure Active Directory (AAD)</strong></h4><ul><li><strong>User and Group Management</strong>:<ul><li>Configuring Azure Active Directory for centralized user management.</li></ul></li></ul><h4><strong>Role-Based Access Control (RBAC)</strong></h4><ul><li><strong>Permissions and Security</strong>:<ul><li>Defining roles and permissions using RBAC to control access.</li></ul></li></ul><h4><strong>Azure Security Center</strong></h4><ul><li><strong>Monitoring and Protecting Resources</strong>:<ul><li>Configuring Azure Security Center to identify security threats and vulnerabilities.</li></ul></li></ul>,6
22,"Monitoring, Automation, and Cost Management","<h4><strong>Azure Monitor and Alerts</strong></h4><ul><li><strong>Setting up Monitoring</strong>:<ul><li>Configuring Azure Monitor to track the performance and health of your resources.</li></ul></li></ul><h4><strong>Azure Automation</strong></h4><ul><li><strong>Automating Tasks</strong>:<ul><li>Creating automated workflows and scripts to handle repetitive tasks.</li></ul></li></ul><h4><strong>Cost Management and Billing</strong></h4><ul><li><strong>Tracking Expenses</strong>:<ul><li>Tools for cost management and forecasting, setting up budgets to control Azure spending.</li></ul></li></ul>",6
23,Introduction to Data Science and Machine Learning,"<h4><strong>Understanding Data Science</strong></h4><ul><li><strong>What is Data Science?</strong><ul><li>Overview of Data Science as an interdisciplinary field that combines statistics, programming, and domain expertise to extract insights from data.</li></ul></li><li><strong>Data-Driven Decision Making</strong>:<ul><li>How businesses and organizations leverage data to make informed decisions.</li></ul></li></ul><h4><strong>The Machine Learning Landscape</strong></h4><ul><li><strong>What is Machine Learning?</strong><ul><li>Introduction to machine learning, its types (supervised, unsupervised, and reinforcement learning), and its role within data science.</li></ul></li></ul><h4><strong>Real-World Applications</strong></h4><ul><li><strong>Applications of Data Science and ML</strong>:<ul><li>Practical applications in various industries like healthcare (predicting diseases), finance (fraud detection), marketing (customer segmentation), and more.</li></ul></li></ul>",7
24,"Data Collection, Cleaning, and Preprocessing","<h4><strong>Data Collection</strong></h4><ul><li><strong>Sources of Data</strong>:<ul><li>Understanding various data sources like public datasets, APIs, web scraping, and data from internal systems.</li></ul></li><li><strong>Structured vs. Unstructured Data</strong>:<ul><li>Differences between structured data (like databases, CSV files) and unstructured data (like images, videos, and text).</li></ul></li></ul><h4><strong>Data Cleaning</strong></h4><ul><li><strong>Handling Missing Data</strong>:<ul><li>Techniques to deal with missing or incomplete data, including imputation and data deletion.</li></ul></li><li><strong>Data Normalization and Scaling</strong>:<ul><li>Adjusting data to ensure features are on a similar scale, which is crucial for many machine learning algorithms.</li></ul></li></ul><h4><strong>Preprocessing Data</strong></h4><ul><li><strong>Encoding Categorical Data</strong>:<ul><li>Converting non-numerical data (like text labels) into numerical values for machine learning models.</li></ul></li><li><strong>Outlier Detection</strong>:<ul><li>Identifying and managing outliers in datasets that can affect the accuracy of models.</li></ul></li></ul>",7
25,Exploratory Data Analysis (EDA) and Visualization,"<h4><strong>Exploratory Data Analysis (EDA)</strong></h4><ul><li><strong>What is EDA?</strong><ul><li>Introduction to EDA as the process of summarizing the main characteristics of data, often using visual methods.</li></ul></li><li><strong>Key Steps in EDA</strong>:<ul><li>Descriptive statistics, distribution analysis, and identifying trends, patterns, and anomalies in data.</li></ul></li></ul><h4><strong>Data Visualization</strong></h4><ul><li><strong>Importance of Visualization</strong>:<ul><li>How visualizing data helps in making complex datasets easier to understand and communicate to stakeholders.</li></ul></li><li><strong>Types of Charts and Graphs</strong>:<ul><li>Common visualization techniques like histograms, bar charts, scatter plots, heatmaps, and more.</li></ul></li></ul><h4><strong>Tools for Visualization</strong></h4><ul><li><strong>Data Visualization Tools</strong>:<ul><li>Overview of popular data visualization tools and libraries used for EDA in real-world projects, such as Matplotlib, Seaborn, and Tableau.</li></ul></li></ul><h3>&nbsp;</h3>",7
26,Machine Learning Algorithms,"<h4><strong>Supervised Learning</strong></h4><ul><li><strong>Regression vs Classification</strong>:<ul><li>Difference between regression (predicting continuous variables) and classification (predicting categorical variables).</li></ul></li><li><strong>Common Algorithms</strong>:<ul><li>Overview of key algorithms such as Linear Regression, Decision Trees, Random Forests, and Support Vector Machines.</li></ul></li></ul><h4><strong>Unsupervised Learning</strong></h4><ul><li><strong>Clustering</strong>:<ul><li>Techniques like K-Means Clustering and Hierarchical Clustering used for finding hidden patterns in data without labeled outcomes.</li></ul></li><li><strong>Dimensionality Reduction</strong>:<ul><li>Methods like PCA (Principal Component Analysis) to reduce the complexity of data by focusing on the most important features.</li></ul></li></ul><h4><strong>Model Evaluation</strong></h4><ul><li><strong>Evaluating Model Performance</strong>:<ul><li>Understanding accuracy, precision, recall, F1 score, and confusion matrix as performance metrics.</li></ul></li><li><strong>Overfitting and Underfitting</strong>:<ul><li>How to identify and deal with overfitting (model too closely fits the training data) and underfitting (model is too simple for the data).</li></ul></li></ul>",7
27,Real-World Projects and Model Deployment,"<h4><strong>Building Projects</strong></h4><ul><li><strong>End-to-End Machine Learning Projects</strong>:<ul><li>Overview of a complete workflow for a machine learning project, from problem definition to data collection, model building, and evaluation.</li></ul></li></ul><h4><strong>Project Examples</strong></h4><ul><li><strong>Predicting House Prices</strong>:<ul><li>How to build a regression model that predicts house prices based on features like size, location, and number of rooms.</li></ul></li><li><strong>Customer Segmentation</strong>:<ul><li>Using clustering algorithms to segment customers based on their purchasing behavior.</li></ul></li></ul><h4><strong>Model Deployment</strong></h4><ul><li><strong>Deploying ML Models</strong>:<ul><li>Taking machine learning models from notebooks into production environments. Topics include deploying models on cloud platforms like AWS, Google Cloud, or Azure.</li></ul></li></ul><h4><strong>Monitoring and Improving Models</strong></h4><ul><li><strong>Model Monitoring</strong>:<ul><li>Importance of tracking model performance over time and retraining models with new data when necessary.</li></ul></li><li><strong>A/B Testing</strong>:<ul><li>How to use A/B testing to compare model performance and make data-driven decisions about model deployment.</li></ul></li></ul>",7
28,Introduction to Web Development,"<h4><strong>What is Web Development?</strong></h4><ul><li><strong>Overview of Web Development</strong>:<ul><li>Introduction to the field of web development, including how websites are created, maintained, and optimized.</li></ul></li><li><strong>Frontend vs Backend</strong>:<ul><li><strong>Frontend</strong>: Focus on the client side, including technologies like HTML, CSS, and JavaScript.</li><li><strong>Backend</strong>: Focus on server-side programming, databases, and APIs using languages like Node.js, Python, or PHP.</li></ul></li></ul><h4><strong>Web Development Tools and Setup</strong></h4><ul><li><strong>Text Editors and IDEs</strong>:<ul><li>Overview of tools such as VS Code, Sublime Text, and WebStorm for writing and managing code.</li></ul></li><li><strong>Version Control with Git</strong>:<ul><li>Introduction to Git for tracking changes in code, and platforms like GitHub for collaboration.</li></ul></li></ul>",8
29,"Frontend Development (HTML, CSS, JavaScript)","<h4><strong>HTML (Hypertext Markup Language)</strong></h4><ul><li><strong>Understanding HTML Structure</strong>:<ul><li>HTML as the backbone of web pages, structuring content with elements like headings, paragraphs, and links.</li></ul></li><li><strong>Forms and Input Elements</strong>:<ul><li>Creating forms, text inputs, buttons, and other user interaction elements.</li></ul></li></ul><h4><strong>CSS (Cascading Style Sheets)</strong></h4><ul><li><strong>Styling Web Pages</strong>:<ul><li>Using CSS to control the look and feel of web pages, from layout to fonts and colors.</li></ul></li><li><strong>Responsive Design</strong>:<ul><li>Making web pages look good on different screen sizes and devices using media queries and frameworks like Bootstrap.</li></ul></li></ul><h4><strong>JavaScript Basics</strong></h4><ul><li><strong>Adding Interactivity</strong>:<ul><li>Using JavaScript to make web pages interactive by manipulating the DOM (Document Object Model).</li></ul></li><li><strong>Event Handling</strong>:<ul><li>Handling user input through events like clicks, mouse movement, and form submissions.</li></ul></li></ul>",8
30,"Backend Development (Server, Databases, APIs)","<h4><strong>Introduction to Backend Programming</strong></h4><ul><li><strong>Understanding the Server</strong>:<ul><li>Role of the server in web development, handling requests and serving responses.</li></ul></li><li><strong>Backend Languages</strong>:<ul><li>Introduction to popular server-side programming languages like <strong>Node.js</strong>, <strong>Python</strong> (Django/Flask), and <strong>PHP</strong>.</li></ul></li></ul><h4><strong>Databases and Data Management</strong></h4><ul><li><strong>SQL and NoSQL Databases</strong>:<ul><li>Differences between relational databases (MySQL, PostgreSQL) and NoSQL databases (MongoDB).</li></ul></li><li><strong>CRUD Operations</strong>:<ul><li>Creating, reading, updating, and deleting data from a database.</li></ul></li></ul><h4><strong>APIs (Application Programming Interfaces)</strong></h4><ul><li><strong>Building and Consuming APIs</strong>:<ul><li>Understanding RESTful APIs, how to build them, and how frontend applications can consume them to interact with backend services.</li></ul></li></ul>",8
31,Full Stack Web Development,"<h4><strong>Integrating Frontend and Backend</strong></h4><ul><li><strong>Full Stack Concepts</strong>:<ul><li>How the frontend and backend work together to create dynamic web applications.</li></ul></li><li><strong>Building Full Stack Applications</strong>:<ul><li>Example projects that connect the frontend and backend, such as a blog or e-commerce website.</li></ul></li></ul><h4><strong>Introduction to MERN Stack (MongoDB, Express.js, React, Node.js)</strong></h4><ul><li><strong>Overview of MERN Stack</strong>:<ul><li>How the popular MERN stack is used to build modern full-stack web applications.</li></ul></li><li><strong>Connecting a React Frontend to a Node.js Backend</strong>:<ul><li>Building a seamless full-stack app using React for the frontend, Node.js for the server, and MongoDB as the database.</li></ul></li></ul>",8
32,Deployment and Web Development Best Practices,"<h4><strong>Hosting and Deployment</strong></h4><ul><li><strong>Deploying Websites</strong>:<ul><li>How to deploy static websites and dynamic applications on platforms like Netlify, Heroku, and AWS.</li></ul></li><li><strong>Domain Name and Hosting</strong>:<ul><li>Registering a domain name and linking it to the hosted application.</li></ul></li></ul><h4><strong>Web Performance and Optimization</strong></h4><ul><li><strong>Improving Page Load Times</strong>:<ul><li>Techniques to optimize website speed by minimizing code, optimizing images, and using lazy loading.</li></ul></li><li><strong>SEO (Search Engine Optimization)</strong>:<ul><li>Best practices for improving a website’s visibility on search engines through proper meta tags, keyword optimization, and content structure.</li></ul></li></ul><h4><strong>Security in Web Development</strong></h4><ul><li><strong>Securing Web Applications</strong>:<ul><li>Overview of web security threats like SQL injection, XSS (Cross-site Scripting), and how to secure web applications against them.</li></ul></li><li><strong>HTTPS and SSL Certificates</strong>:<ul><li>Implementing HTTPS to encrypt data transmitted between the browser and the server.</li></ul></li></ul>",8
33,Introduction to Next.js and Project Setup,"<h4><strong>Understanding Next.js</strong></h4><ul><li><strong>What is Next.js?</strong><ul><li>Next.js is a React-based framework for building modern web applications with server-side rendering, static generation, and API integration.</li></ul></li><li><strong>Benefits of Next.js</strong>:<ul><li>SEO-friendly, faster load times, optimized performance, and ease of deployment.</li></ul></li></ul><h4><strong>Setting Up the Development Environment</strong></h4><ul><li><strong>Installing Next.js</strong>:<ul><li>Step-by-step guide on installing Next.js using Node.js, NPM/Yarn, and setting up the project structure.</li></ul></li><li><strong>Understanding File Structure</strong>:<ul><li>Overview of the Next.js folder and file structure, focusing on key directories like pages, public, and components.</li></ul></li></ul><h4><strong>Project Kickoff: Airbnb Clone</strong></h4><ul><li><strong>Airbnb Clone Overview</strong>:<ul><li>High-level overview of the Airbnb clone project, its features, and why it is a great real-world learning experience for mastering Next.js.</li></ul></li><li><strong>Design System and Tools</strong>:<ul><li>Introduction to UI libraries and design tools like Tailwind CSS for styling and Figma for design inspiration.</li></ul></li></ul>",9
34,Creating Dynamic Pages with Next.js,"<h4><strong>Routing in Next.js</strong></h4><ul><li><strong>File-Based Routing</strong>:<ul><li>How Next.js uses file-based routing, and how to create dynamic routes based on file names and folders within the pages directory.</li></ul></li><li><strong>Dynamic and Nested Routes</strong>:<ul><li>Implementing dynamic routes for pages like property listings (/properties/[id]) and user profiles (/users/[username]).</li></ul></li></ul><h4><strong>Rendering Methods</strong></h4><ul><li><strong>Static Site Generation (SSG)</strong>:<ul><li>How to use static generation for pages that don't change frequently, like property listings or homepage content.</li></ul></li><li><strong>Server-Side Rendering (SSR)</strong>:<ul><li>Implementing server-side rendering to fetch real-time data for pages like individual property details and booking forms.</li></ul></li></ul><h4><strong>Building Core Pages</strong></h4><ul><li><strong>Homepage</strong>:<ul><li>Creating the homepage with features like property search, filters, and featured listings.</li></ul></li><li><strong>Property Listing Pages</strong>:<ul><li>Building the individual property detail page that displays dynamic content such as pricing, images, and availability.</li></ul></li></ul>",9
35,"Authentication, User Accounts, and Bookings","<h4><strong>Authentication with NextAuth.js</strong></h4><ul><li><strong>Setting Up NextAuth.js</strong>:<ul><li>Implementing user authentication using NextAuth.js, allowing users to sign in with email, Google, or social logins.</li></ul></li><li><strong>Managing User Sessions</strong>:<ul><li>Handling user sessions across the application, ensuring that only logged-in users can access certain features like booking and profile updates.</li></ul></li></ul><h4><strong>Building User Profiles</strong></h4><ul><li><strong>User Dashboard</strong>:<ul><li>Creating a personalized dashboard for users to manage their account details, view past bookings, and update profile information.</li></ul></li></ul><h4><strong>Booking System Implementation</strong></h4><ul><li><strong>Creating a Booking System</strong>:<ul><li>Implementing the core functionality for users to book properties, including setting up date pickers, checking availability, and sending booking requests.</li></ul></li><li><strong>Managing Bookings</strong>:<ul><li>Storing and retrieving booking data from the database, allowing users to view and cancel bookings from their dashboard.</li></ul></li></ul>",9
36,"Deployment, Performance Optimization, and Project Finalization","<h4><strong>Optimizing Performance</strong></h4><ul><li><strong>Image Optimization</strong>:<ul><li>Using Next.js's built-in image optimization features to serve images efficiently, reducing load times and bandwidth usage.</li></ul></li><li><strong>Code Splitting and Lazy Loading</strong>:<ul><li>Techniques for improving page load performance by only loading essential parts of the application initially and deferring non-critical resources.</li></ul></li></ul><h4><strong>Deploying the Airbnb Clone</strong></h4><ul><li><strong>Deploying on Vercel</strong>:<ul><li>Step-by-step guide on deploying the Airbnb clone to Vercel, the hosting platform created by the makers of Next.js.</li></ul></li><li><strong>Configuring Domain and SSL</strong>:<ul><li>How to configure a custom domain and secure the site with SSL for better security and SEO benefits.</li></ul></li></ul><h4><strong>Final Project Review</strong></h4><ul><li><strong>Testing the Application</strong>:<ul><li>Ensuring that all key features, including user authentication, property listings, and bookings, work as expected.</li></ul></li><li><strong>Refining User Experience</strong>:<ul><li>Making final adjustments to the UI/UX based on user feedback and testing results.</li></ul></li></ul>",9
37,Deployment and Web Development Best Practices,"<h4><strong>Hosting and Deployment</strong></h4><ul><li><strong>Deploying Websites</strong>:<ul><li>How to deploy static websites and dynamic applications on platforms like Netlify, Heroku, and AWS.</li></ul></li><li><strong>Domain Name and Hosting</strong>:<ul><li>Registering a domain name and linking it to the hosted application.</li></ul></li></ul><h4><strong>Web Performance and Optimization</strong></h4><ul><li><strong>Improving Page Load Times</strong>:<ul><li>Techniques to optimize website speed by minimizing code, optimizing images, and using lazy loading.</li></ul></li><li><strong>SEO (Search Engine Optimization)</strong>:<ul><li>Best practices for improving a website’s visibility on search engines through proper meta tags, keyword optimization, and content structure.</li></ul></li></ul><h4><strong>Security in Web Development</strong></h4><ul><li><strong>Securing Web Applications</strong>:<ul><li>Overview of web security threats like SQL injection, XSS (Cross-site Scripting), and how to secure web applications against them.</li></ul></li><li><strong>HTTPS and SSL Certificates</strong>:<ul><li>Implementing HTTPS to encrypt data transmitted between the browser and the server.</li></ul></li></ul>",9
