FeedbackID ,Rating ,Comment                                                                                              ,SubmittedAt         ,EmployeeID ,CourseID
         1 ,     1 ,Nice water animal political car probably avoid today though challenge service test.                  ,2024-01-26 16:52:21 ,       138 ,      64
         2 ,     1 ,Prove table a father maybe set break public.                                                         ,2024-01-27 15:58:29 ,       408 ,      78
         3 ,     5 ,Their daughter key civil fish family.                                                                ,2024-02-22 06:11:24 ,        84 ,      44
         4 ,     1 ,Party production clear idea record my dog keep my entire mouth message since.                        ,2024-10-01 00:56:55 ,       608 ,      94
         5 ,     1 ,Prove movement determine read conference local in once score small issue staff fish.                 ,2024-01-27 07:53:27 ,       892 ,      24
         6 ,     3 ,Result in bring sure choice show someone budget church plant radio.                                  ,2024-01-28 05:58:55 ,       389 ,      93
         7 ,     3 ,Force note make cup practice song teacher everyone natural economic modern church out yes.           ,2024-04-27 11:31:40 ,       521 ,      26
         8 ,     4 ,Kitchen such entire lawyer baby stuff trial.                                                         ,2024-01-25 01:55:40 ,       290 ,      21
         9 ,     5 ,Health strategy few free page from young else option environmental.                                  ,2024-05-30 17:26:31 ,       850 ,      70
        10 ,     4 ,Discuss brother history fund matter color.                                                           ,2024-08-02 11:52:11 ,       788 ,      21
        11 ,     1 ,Seek sort boy oil respond brother local election sense son room loss wind.                           ,2024-04-09 15:22:09 ,       757 ,      42
        12 ,     1 ,Kid subject federal create answer behind impact into item group.                                     ,2024-02-15 19:32:31 ,       410 ,      68
        13 ,     4 ,Way kind remain yet cold reduce better.                                                              ,2024-03-11 15:12:14 ,        48 ,      53
        14 ,     4 ,Live idea institution draw no claim store later network human myself.                                ,2024-04-11 07:21:43 ,       922 ,      61
        15 ,     3 ,Body letter sit month reveal those sign seven.                                                       ,2024-05-23 21:55:43 ,       284 ,      59
        16 ,     5 ,Eye current central really approach likely pressure laugh along life become situation.               ,2024-06-07 04:14:03 ,       974 ,      82
        17 ,     4 ,Art second short writer represent window word open.                                                  ,2024-05-06 17:22:41 ,       788 ,      64
        18 ,     5 ,Control however pass another really receive.                                                         ,2024-06-30 00:51:26 ,       765 ,      61
        19 ,     2 ,Get majority ready study poor skin never.                                                            ,2024-04-17 22:01:57 ,        79 ,      37
        20 ,     3 ,Pay phone parent give serve sport join little church.                                                ,2024-01-29 00:34:02 ,        65 ,       6
        21 ,     5 ,Data small behavior seem small effect where professional myself be.                                  ,2024-03-08 08:23:17 ,       365 ,      85
        22 ,     4 ,Our quite much heart buy simply light project do environment central senior across.                  ,2024-08-15 02:13:42 ,       464 ,      85
        23 ,     2 ,Lay author start strategy stock election machine little school.                                      ,2024-08-30 15:11:27 ,       956 ,      95
        24 ,     5 ,Treatment challenge subject evidence big PM real within through use sure can.                        ,2024-06-05 16:27:37 ,        62 ,      99
        25 ,     1 ,Western something father early radio above on pick oil short camera protect from.                    ,2024-04-17 02:49:24 ,       967 ,      90
        26 ,     1 ,Writer challenge hundred drop truth within senior kind strategy over international trip.             ,2024-02-22 21:26:03 ,       708 ,       1
        27 ,     1 ,Care none woman join ok market responsibility civil each consider participant box.                   ,2024-05-06 10:45:16 ,       208 ,      82
        28 ,     2 ,Leave born human each really including structure fast soon around science man site.                  ,2024-01-06 02:34:42 ,       150 ,      83
        29 ,     4 ,Article join walk career send hour sort again company.                                               ,2024-01-08 07:49:11 ,       433 ,      12
        30 ,     2 ,Produce significant check political nearly parent boy program.                                       ,2024-02-14 22:04:43 ,       181 ,      34
        31 ,     3 ,Can live per hope central until with write water education series.                                   ,2024-07-29 22:27:55 ,       820 ,      37
        32 ,     4 ,Produce natural after vote foreign catch dinner feeling.                                             ,2024-03-20 13:21:49 ,       687 ,      59
        33 ,     3 ,Toward movement radio without especially phone.                                                      ,2024-02-02 10:59:58 ,        36 ,      26
        34 ,     5 ,Store agency key long south strategy responsibility yard protect.                                    ,2024-08-13 17:46:34 ,       842 ,      94
        35 ,     1 ,Hair agree record must board military win example.                                                   ,2024-01-21 11:00:14 ,       569 ,      12
        36 ,     5 ,All move summer debate land cover garden offer kitchen.                                              ,2024-02-14 10:15:33 ,       644 ,      61
        37 ,     5 ,Beautiful couple successful investment look new threat head theory.                                  ,2024-02-26 14:29:36 ,       878 ,      44
        38 ,     2 ,History society cause wish attention miss sing physical deep toward energy administration least.     ,2024-03-06 01:06:27 ,       429 ,      85
        39 ,     5 ,Bill image small west worry defense entire.                                                          ,2024-06-10 04:25:00 ,       220 ,      84
        40 ,     1 ,Clearly could growth fight guy role.                                                                 ,2024-03-28 05:33:45 ,       561 ,      62
        41 ,     4 ,Better wish only until enjoy level month story improve.                                              ,2024-09-17 11:22:11 ,        76 ,      86
        42 ,     1 ,Number pass find computer miss admit institution.                                                    ,2024-02-09 07:19:35 ,       608 ,      42
        43 ,     1 ,Scene surface off hair majority charge.                                                              ,2024-01-10 22:15:25 ,       378 ,      77
        44 ,     3 ,Social court bill single size little across level might back listen.                                 ,2024-03-03 08:23:35 ,       867 ,      26
        45 ,     1 ,Hold member senior star program project success central.                                             ,2024-09-27 00:17:07 ,       922 ,      28
        46 ,     1 ,Actually real responsibility church road body once majority total.                                   ,2024-06-16 19:50:03 ,        97 ,      29
        47 ,     3 ,Arrive sit nature as research example lay receive artist.                                            ,2024-01-22 00:55:38 ,       749 ,      25
        48 ,     5 ,Dog bag field kid change table.                                                                      ,2024-07-09 12:39:46 ,       488 ,      41
        49 ,     5 ,Cover seat well even life long quite shake necessary unit drug alone.                                ,2024-04-07 21:14:08 ,       359 ,      19
        50 ,     5 ,Customer writer she sometimes ground light view.                                                     ,2024-02-22 17:32:20 ,       860 ,      45
        51 ,     1 ,Off cup almost necessary spring business feel suddenly game.                                         ,2024-07-19 13:26:16 ,       645 ,      30
        52 ,     4 ,Country red matter offer resource head shake country week.                                           ,2024-08-07 04:45:25 ,       905 ,     100
        53 ,     2 ,Bank data special likely student imagine war challenge rather much fine Congress group.              ,2024-02-16 14:19:33 ,       948 ,       9
        54 ,     2 ,Peace behavior attorney huge product water leg cup develop control thousand.                         ,2024-07-31 07:49:17 ,       838 ,      70
        55 ,     5 ,Arrive cost level perform standard address land same executive two become who.                       ,2024-09-25 17:12:29 ,       496 ,      92
        56 ,     5 ,Five sign despite nice pressure central.                                                             ,2024-06-17 19:24:50 ,       891 ,      97
        57 ,     5 ,Much political collection sign bar level painting respond position perhaps either.                   ,2024-07-05 18:42:29 ,       120 ,      55
        58 ,     1 ,Back floor take relate case for brother.                                                             ,2024-01-14 19:33:49 ,        60 ,       9
        59 ,     4 ,Forget sure natural include box produce study per prevent wish adult you region.                     ,2024-01-01 10:14:40 ,       530 ,      95
        60 ,     2 ,Some light civil success room fish focus receive still image enough reason bill.                     ,2024-05-05 12:58:30 ,       537 ,      86
        61 ,     3 ,Thank defense which source term science until authority fire that.                                   ,2024-01-08 06:27:28 ,       826 ,      11
        62 ,     3 ,Chance here item top skin attack.                                                                    ,2024-07-31 18:37:03 ,       206 ,      53
        63 ,     4 ,Office all TV assume us interest party country.                                                      ,2024-07-03 19:59:00 ,       821 ,      83
        64 ,     2 ,Environmental me age door provide buy spring minute nearly.                                          ,2024-04-04 22:49:58 ,       311 ,      52
        65 ,     3 ,Collection entire television close clear result chance stop take nation join.                        ,2024-04-24 00:38:07 ,       895 ,      83
        66 ,     4 ,Anything practice chair put four charge laugh deep subject beat.                                     ,2024-02-13 04:33:32 ,       340 ,      29
        67 ,     4 ,Shake song suffer turn wish base moment type his.                                                    ,2024-03-27 13:54:55 ,       968 ,      40
        68 ,     5 ,Girl huge do bag already skill center investment.                                                    ,2024-03-24 18:50:57 ,       888 ,      16
        69 ,     1 ,Law agent major class sometimes think.                                                               ,2024-08-13 08:54:13 ,       769 ,      86
        70 ,     5 ,Four that be remain fish identify.                                                                   ,2024-05-25 10:33:53 ,       264 ,       4
        71 ,     5 ,Education local commercial cell store meeting organization development point present money page.     ,2024-06-04 22:29:14 ,       368 ,      99
        72 ,     1 ,Property family entire tough yes politics by.                                                        ,2024-07-06 16:48:25 ,        22 ,      33
        73 ,     1 ,Happy eight red part special suffer leave term wait none.                                            ,2024-01-25 01:26:24 ,        45 ,      41
        74 ,     4 ,Institution late most voice product yourself already situation get able financial firm late bed.     ,2024-01-02 00:17:32 ,       593 ,       2
        75 ,     2 ,Light sell personal land order interview word smile maintain standard citizen memory.                ,2024-01-10 14:35:47 ,       481 ,      33
        76 ,     2 ,House professional focus support finally professor store medical perform artist man study difficult. ,2024-04-05 14:32:32 ,       715 ,      78
        77 ,     5 ,Five look fast view star cover front garden drop collection hot.                                     ,2024-04-20 20:38:48 ,       502 ,      41
        78 ,     2 ,Friend when against force local include.                                                             ,2024-04-21 06:06:57 ,       535 ,       3
        79 ,     4 ,Movie gun deep method worry offer score be whatever effort again music with.                         ,2024-08-06 18:47:59 ,       535 ,      69
        80 ,     3 ,Authority scientist certain never deep life to.                                                      ,2024-07-26 08:02:18 ,       216 ,       6
        81 ,     1 ,Whether mind song speak green citizen black.                                                         ,2024-06-26 17:21:07 ,       375 ,      15
        82 ,     2 ,Alone avoid book attention clearly training attack physical per nearly actually.                     ,2024-09-17 16:42:46 ,       297 ,      13
        83 ,     4 ,Agreement image create born outside material mouth agency one race hand business.                    ,2024-03-23 14:34:40 ,        44 ,      64
        84 ,     2 ,Pm baby because somebody could past nice.                                                            ,2024-08-15 09:47:24 ,        31 ,      75
        85 ,     4 ,Later beautiful minute try trip remember charge rather site nation carry.                            ,2024-07-14 10:54:42 ,       184 ,      33
        86 ,     4 ,Girl news wait reach any morning join stop week yet trade.                                           ,2024-07-20 23:45:05 ,       484 ,      63
        87 ,     1 ,Turn should plan artist talk test beautiful author them bad happen win.                              ,2024-02-13 19:12:32 ,       411 ,      38
        88 ,     1 ,Sort somebody must happy figure others authority determine improve buy guess yet.                    ,2024-09-28 12:20:21 ,       584 ,       9
        89 ,     1 ,Note win night defense if carry its.                                                                 ,2024-09-23 03:54:55 ,       621 ,      69
        90 ,     4 ,Mean experience provide use you director try present.                                                ,2024-06-06 12:23:01 ,        97 ,      58
        91 ,     1 ,Through garden model citizen test worry perhaps management ok decision.                              ,2024-05-19 11:24:40 ,       643 ,      42
        92 ,     5 ,Apply skin its morning civil subject west.                                                           ,2024-05-22 14:05:20 ,       157 ,      23
        93 ,     1 ,Beyond evening dream new war second whole goal evening very look several.                            ,2024-07-31 00:32:13 ,       657 ,      28
        94 ,     3 ,Wonder break character guess spring field and type.                                                  ,2024-06-09 04:46:12 ,       900 ,      81
        95 ,     4 ,Certain particular behind write traditional hold teacher anything.                                   ,2024-03-12 18:32:47 ,       386 ,      54
        96 ,     1 ,Test also if party fear everyone fast try mouth radio probably before.                               ,2024-04-29 13:49:44 ,       383 ,      41
        97 ,     2 ,Project hundred feel television section world act performance boy study structure appear each.       ,2024-08-23 14:56:58 ,       119 ,      32
        98 ,     5 ,Off mind word bit speak billion.                                                                     ,2024-03-30 04:37:18 ,       772 ,      10
        99 ,     1 ,Sell together owner wear even often play behind themselves away outside pull east.                   ,2024-02-13 23:56:26 ,       958 ,      81
       100 ,     4 ,Real police day face city option.                                                                    ,2024-08-27 23:24:30 ,       340 ,      44
       101 ,     4 ,Sell room sell particular off story everybody feeling lot hold behavior fund.                        ,2024-01-18 00:33:36 ,       859 ,      11
       102 ,     5 ,Really reason else show possible well his management spend investment.                               ,2024-05-23 15:10:37 ,       404 ,      94
       103 ,     4 ,Past hope score determine law chair reflect blood hand record instead.                               ,2024-04-25 17:42:31 ,       316 ,      95
       104 ,     5 ,Save wait return center develop pattern manager trade travel many large.                             ,2024-05-21 07:02:52 ,       276 ,      85
       105 ,     2 ,Professor rule international network picture politics full professional instead think you event TV.  ,2024-07-14 19:26:44 ,       185 ,      19
       106 ,     1 ,Again throw go leader director receive form material.                                                ,2024-05-05 16:29:43 ,       442 ,      52
       107 ,     3 ,Suddenly leave including until degree throw.                                                         ,2024-03-14 07:03:18 ,       885 ,      22
       108 ,     4 ,Character suggest fill onto term movement north friend decide country book.                          ,2024-07-20 13:35:48 ,       913 ,      22
       109 ,     2 ,Trouble Mrs fly to course plan history machine store but lot standard agreement.                     ,2024-09-06 18:45:34 ,       893 ,       9
       110 ,     3 ,Republican quickly defense chair growth name officer up ready often particular.                      ,2024-09-24 09:02:36 ,       774 ,      84
       111 ,     3 ,Think personal person morning thing property.                                                        ,2024-08-10 21:34:59 ,       313 ,      24
       112 ,     5 ,Throw worry different window wish pass cut include.                                                  ,2024-03-16 11:25:37 ,       794 ,      47
       113 ,     1 ,Mouth purpose bed within away mother sign night necessary.                                           ,2024-09-26 20:20:08 ,       197 ,      59
       114 ,     3 ,Decade they able program suggest cover house instead strong theory up.                               ,2024-07-21 04:28:44 ,       167 ,      25
       115 ,     5 ,Campaign north toward sister last step far system mission like concern prepare mouth street.         ,2024-09-24 18:01:27 ,        17 ,      79
       116 ,     2 ,Wonder medical final role interesting which study all despite body yard again see.                   ,2024-02-12 05:26:32 ,       425 ,      10
       117 ,     1 ,When attention middle economy tree style year true room power.                                       ,2024-09-14 14:39:32 ,        68 ,      24
       118 ,     1 ,Cut consider ten ready story teach ask lawyer grow.                                                  ,2024-06-09 23:51:43 ,       297 ,       1
       119 ,     2 ,Writer policy assume discuss try arm.                                                                ,2024-02-28 20:17:30 ,        47 ,      78
       120 ,     3 ,Type specific though father into resource either Mr why strategy.                                    ,2024-04-11 02:15:46 ,       668 ,      57
       121 ,     4 ,Will husband pay head American student line although quite.                                          ,2024-09-03 08:18:02 ,       564 ,      47
       122 ,     2 ,Image more six true maintain art themselves work finish method.                                      ,2024-05-11 10:36:44 ,       805 ,      12
       123 ,     3 ,Type stage less describe inside leave school fact rest.                                              ,2024-07-27 10:37:21 ,       302 ,      79
       124 ,     2 ,Knowledge many beat name other success side set other present line.                                  ,2024-02-28 08:00:57 ,       362 ,      21
       125 ,     5 ,Sport team include teach play though official.                                                       ,2024-02-11 22:14:10 ,       318 ,      96
       126 ,     4 ,Need also role party because likely lose him always.                                                 ,2024-02-01 05:41:09 ,       801 ,      40
       127 ,     5 ,Teacher decide picture step movement best majority build agent region tree indeed thing.             ,2024-06-04 10:21:16 ,        37 ,      86
       128 ,     1 ,Media wall without court physical only personal week child and value myself.                         ,2024-01-13 05:02:30 ,         3 ,      31
       129 ,     3 ,Here resource east look ball next impact add cup easy various produce.                               ,2024-01-03 21:17:52 ,       137 ,       4
       130 ,     2 ,Foot stand Democrat network study window their bag under coach.                                      ,2024-07-04 11:31:19 ,       302 ,      49
       131 ,     1 ,Door like affect build ready decide skill including everyone.                                        ,2024-10-01 21:36:14 ,       277 ,      88
       132 ,     3 ,Community as fight between fear find.                                                                ,2024-06-21 15:49:30 ,       764 ,      45
       133 ,     1 ,Pay eye half leave situation season probably eye threat pull third.                                  ,2024-04-10 12:40:34 ,       594 ,      28
       134 ,     2 ,Environment energy moment sing watch establish chair dream article project include.                  ,2024-01-09 12:49:23 ,       209 ,      47
       135 ,     1 ,Pull already tend she while soldier strong usually agreement require.                                ,2024-01-03 01:09:43 ,       874 ,      24
       136 ,     5 ,Treatment onto us support bit win.                                                                   ,2024-02-09 09:31:02 ,       404 ,      93
       137 ,     1 ,Artist measure listen face idea mention hold range too vote we.                                      ,2024-09-05 08:14:04 ,       911 ,      64
       138 ,     1 ,Already gas parent store manage sing do military difficult board.                                    ,2024-08-30 19:59:54 ,       100 ,      15
       139 ,     1 ,Peace again decade always alone and five prepare system order goal.                                  ,2024-01-20 04:14:58 ,       737 ,      78
       140 ,     1 ,Serious than daughter moment foreign ready thousand.                                                 ,2024-08-19 21:17:46 ,      1000 ,      18
       141 ,     4 ,Debate seven season along suffer theory play old word so.                                            ,2024-01-06 23:23:29 ,       434 ,      21
       142 ,     1 ,Goal easy rise TV generation manager role pull show.                                                 ,2024-08-04 02:33:51 ,        21 ,      20
       143 ,     2 ,Report able budget court possible road wish account indicate.                                        ,2024-05-20 10:19:58 ,       543 ,      94
       144 ,     5 ,Vote change treatment admit woman simply find say avoid simply agent call likely.                    ,2024-02-12 22:50:16 ,       297 ,      40
       145 ,     5 ,Side myself wall rise outside body name exactly relationship picture.                                ,2024-06-21 09:30:05 ,       665 ,      36
       146 ,     2 ,Stand threat if crime health determine rather company like put cup.                                  ,2024-02-18 21:18:51 ,       106 ,       1
       147 ,     4 ,Time huge draw camera write put more culture middle what contain.                                    ,2024-04-28 20:45:40 ,        50 ,      94
       148 ,     2 ,Board region able executive attack great population four industry condition debate majority.         ,2024-07-15 01:03:46 ,       531 ,      75
       149 ,     4 ,Just system watch animal start option improve charge.                                                ,2024-07-02 15:25:56 ,       595 ,      14
       150 ,     2 ,Customer team Republican list mean democratic bad.                                                   ,2024-08-14 10:21:32 ,       183 ,      97
       151 ,     3 ,Should from side should much inside anyone yard car same cost experience.                            ,2024-04-28 17:33:05 ,         9 ,      85
       152 ,     3 ,Number during political idea bag security behind design floor easy.                                  ,2024-02-15 08:41:01 ,       396 ,      18
       153 ,     3 ,Newspaper Mrs hotel particular mention receive point travel operation sound big.                     ,2024-09-01 08:35:56 ,       909 ,      67
       154 ,     5 ,Medical half maybe certainly population successful down what meet more fact west.                    ,2024-01-16 03:16:05 ,       937 ,      10
       155 ,     5 ,Quickly interview despite later success support build.                                               ,2024-07-07 10:52:04 ,       664 ,      11
       156 ,     2 ,Blood make company themselves town side shake difficult worker white media way agency.               ,2024-01-31 19:21:09 ,       590 ,      61
       157 ,     1 ,Type hair image finish TV stuff down industry across majority strategy technology today.             ,2024-01-22 08:18:44 ,       658 ,      92
       158 ,     1 ,Bill politics age special provide improve.                                                           ,2024-03-31 11:37:31 ,        53 ,      62
       159 ,     2 ,Local likely success beautiful cold cost pretty increase system behind author candidate.             ,2024-08-04 06:37:02 ,       269 ,      69
       160 ,     2 ,Treat idea education social break describe technology.                                               ,2024-05-22 07:49:10 ,       115 ,      25
       161 ,     3 ,Find design assume easy doctor question myself start form woman dog.                                 ,2024-04-14 18:21:26 ,       960 ,      88
       162 ,     1 ,Leader best maybe exactly their front style edge industry else father.                               ,2024-01-15 02:09:37 ,       836 ,      48
       163 ,     3 ,Store TV general attack second Congress amount.                                                      ,2024-06-09 02:49:18 ,       487 ,      76
       164 ,     4 ,Process door purpose strategy out investment law.                                                    ,2024-06-03 04:05:57 ,       633 ,      17
       165 ,     5 ,Model southern find particular north remain sing middle yard plan size indeed various.               ,2024-05-18 10:09:05 ,       694 ,      26
       166 ,     4 ,Other hundred design must billion voice middle short election bar choice turn kid.                   ,2024-06-01 13:26:17 ,       595 ,      93
       167 ,     5 ,Baby smile see single national boy.                                                                  ,2024-07-30 11:40:22 ,       735 ,      50
       168 ,     2 ,Develop cold bed lot watch would rise itself second.                                                 ,2024-07-09 06:29:32 ,       852 ,      47
       169 ,     1 ,Institution tend rich learn nature thus.                                                             ,2024-04-12 05:03:06 ,       668 ,       4
       170 ,     1 ,Area because pull campaign Mrs pick month different impact.                                          ,2024-09-02 16:08:06 ,       997 ,      32
       171 ,     3 ,Network include reach general these card whom away race score hot man future.                        ,2024-02-13 08:30:10 ,       506 ,      79
       172 ,     4 ,She head ok relate Democrat third worry.                                                             ,2024-02-14 17:46:58 ,       110 ,       1
       173 ,     3 ,Day loss poor into my production outside for information throw result.                               ,2024-05-07 18:31:37 ,       759 ,      28
       174 ,     5 ,Shoulder piece somebody huge field black three watch film time.                                      ,2024-05-19 08:39:49 ,       126 ,      14
       175 ,     5 ,Pay never change public federal after so building indeed.                                            ,2024-07-10 07:42:44 ,       697 ,      44
       176 ,     4 ,National more computer reason reduce crime bill activity whose only west ability prove.              ,2024-02-07 00:53:15 ,       263 ,      31
       177 ,     4 ,Republican family chair why different can environment community plan describe ever.                  ,2024-07-11 05:06:03 ,       894 ,      34
       178 ,     1 ,Letter institution last company some necessary million.                                              ,2024-05-15 05:17:46 ,       369 ,       5
       179 ,     3 ,Fact north hotel me suggest choose indicate respond.                                                 ,2024-09-20 21:57:12 ,       930 ,      45
       180 ,     2 ,Policy star blue full program suggest cut.                                                           ,2024-05-06 09:00:11 ,       591 ,      31
       181 ,     3 ,Structure keep window generation color power ten edge begin first attention treat.                   ,2024-01-16 01:26:48 ,       558 ,      50
       182 ,     4 ,Three step since term plan among owner cup church view evening.                                      ,2024-04-08 22:29:44 ,       119 ,      65
       183 ,     5 ,If grow pattern record money along however summer interesting.                                       ,2024-09-20 04:06:54 ,       904 ,     100
       184 ,     1 ,Everyone man something offer let strong human education later.                                       ,2024-05-13 08:05:53 ,       794 ,      65
       185 ,     4 ,State agree any situation his name her recently since total.                                         ,2024-09-30 20:21:49 ,       785 ,       1
       186 ,     2 ,Consider have new approach red young then make participant represent.                                ,2024-05-22 05:01:25 ,       286 ,      91
       187 ,     4 ,Example heavy hair purpose watch space cut drug.                                                     ,2024-06-13 00:52:08 ,       898 ,      96
       188 ,     2 ,Allow water direction third song painting statement yes.                                             ,2024-07-07 12:44:24 ,       662 ,      88
       189 ,     3 ,Across performance since less more Democrat.                                                         ,2024-01-03 06:18:17 ,       116 ,      69
       190 ,     5 ,Nature that think need state different group.                                                        ,2024-04-24 23:07:57 ,       366 ,      52
       191 ,     3 ,But night physical role magazine cup she all same notice.                                            ,2024-07-21 06:43:56 ,        40 ,      51
       192 ,     5 ,No something hand we save discuss foot approach service agreement degree guess.                      ,2024-07-08 09:37:01 ,       659 ,      30
       193 ,     3 ,Letter include anything often wonder statement medical available item PM onto situation option.      ,2024-08-27 04:32:11 ,       777 ,      15
       194 ,     4 ,Event lot remember popular long each hour about reason perhaps large network.                        ,2024-05-30 00:07:08 ,       818 ,      48
       195 ,     3 ,Yourself line miss hand easy indicate usually town argue price.                                      ,2024-01-19 13:40:41 ,       633 ,      81
       196 ,     5 ,Trade whole beat important something including.                                                      ,2024-08-07 11:57:26 ,       568 ,       9
       197 ,     4 ,Sound quickly structure visit laugh reason base now drop young look certainly.                       ,2024-02-29 14:18:44 ,       675 ,      32
       198 ,     5 ,Others capital send job move and find administration bar recent support instead.                     ,2024-03-13 23:36:39 ,       693 ,      98
       199 ,     2 ,Partner impact better begin day discover modern.                                                     ,2024-01-08 02:41:43 ,       306 ,       8
       200 ,     4 ,Suddenly deep consumer attorney how animal.                                                          ,2024-03-25 09:08:35 ,       745 ,      75
       201 ,     1 ,Church role event fall capital purpose again.                                                        ,2024-02-22 00:39:01 ,       778 ,      77
       202 ,     4 ,Authority best information such place service.                                                       ,2024-06-08 15:34:08 ,       822 ,      73
       203 ,     5 ,Force human sit exactly science station relate arm ahead page quickly.                               ,2024-04-28 00:16:31 ,       413 ,      58
       204 ,     4 ,Certainly meet she in detail myself step house social.                                               ,2024-08-13 16:39:35 ,       781 ,      76
       205 ,     1 ,Affect finish thing red impact late apply century involve later near.                                ,2024-04-24 08:54:29 ,       285 ,      71
       206 ,     4 ,Brother make north dark hard phone the.                                                              ,2024-06-12 03:13:19 ,        90 ,      48
       207 ,     5 ,Suffer point type within always else traditional find cover recognize letter.                        ,2024-07-27 23:29:17 ,       427 ,      91
       208 ,     4 ,Speech report dinner surface truth art game describe.                                                ,2024-03-01 23:01:52 ,        45 ,      92
       209 ,     5 ,Democratic sport thing growth outside see garden account.                                            ,2024-06-16 09:01:55 ,       590 ,      43
       210 ,     5 ,Statement huge interest top right yard become those hospital allow religious quite.                  ,2024-01-30 02:08:42 ,       531 ,      48
       211 ,     1 ,System effect establish item audience language father campaign.                                      ,2024-07-01 04:41:14 ,        73 ,      88
       212 ,     5 ,Require stuff issue commercial their hard pass here voice.                                           ,2024-04-14 06:40:58 ,       445 ,      64
       213 ,     1 ,Entire decade professor just position charge report establish hold beyond wind.                      ,2024-07-03 07:25:50 ,       623 ,      35
       214 ,     4 ,Event property task picture huge whom kitchen up.                                                    ,2024-07-13 23:21:05 ,        17 ,      89
       215 ,     2 ,Tree suggest hair player industry our natural population moment.                                     ,2024-06-06 14:52:02 ,       840 ,      61
       216 ,     1 ,Role set safe stop just company maybe.                                                               ,2024-09-15 01:41:33 ,       850 ,      17
       217 ,     1 ,True dinner building whole late green more parent she financial five generation.                     ,2024-07-14 17:41:10 ,       240 ,      76
       218 ,     4 ,Future receive hot medical talk large list friend.                                                   ,2024-09-02 03:43:09 ,       279 ,      23
       219 ,     3 ,Plant and tax down focus morning think.                                                              ,2024-01-19 09:15:46 ,       639 ,      51
       220 ,     5 ,Strategy because much positive war where reach ready especially forward charge must.                 ,2024-07-24 19:01:15 ,       642 ,      51
       221 ,     5 ,Show news game rock around large.                                                                    ,2024-08-25 18:25:47 ,       146 ,      88
       222 ,     4 ,Hard other miss president become design course sound instead.                                        ,2024-07-08 22:34:51 ,       641 ,      81
       223 ,     3 ,Provide commercial how most add food property president start unit laugh food.                       ,2024-02-12 14:31:32 ,       925 ,      92
       224 ,     4 ,Huge anyone bad dream administration election south.                                                 ,2024-07-29 08:40:00 ,       104 ,      86
       225 ,     2 ,Commercial play represent home catch able onto.                                                      ,2024-04-16 23:21:42 ,       969 ,      68
       226 ,     4 ,Simply drive industry room born respond stop prepare technology college.                             ,2024-04-19 13:58:26 ,       410 ,      51
       227 ,     5 ,Send give course approach give final.                                                                ,2024-01-10 09:23:49 ,       158 ,      46
       228 ,     3 ,Reduce return station risk degree century seek.                                                      ,2024-08-08 21:50:23 ,       387 ,      30
       229 ,     5 ,Dog another key happy dream small young through what.                                                ,2024-04-10 10:34:12 ,       426 ,      42
       230 ,     5 ,Address hot hundred go college with him about dinner learn want southern.                            ,2024-06-28 10:17:15 ,       248 ,       4
       231 ,     1 ,Impact realize senior yeah partner structure time only color agency.                                 ,2024-03-27 10:33:17 ,       180 ,      20
       232 ,     2 ,Service range provide heavy fact bring floor million suddenly learn.                                 ,2024-01-31 17:34:57 ,       615 ,      85
       233 ,     2 ,Wish record require skin else own job bank.                                                          ,2024-09-05 09:18:56 ,        87 ,      54
       234 ,     1 ,Catch difficult window option share outside those budget six listen gas when west.                   ,2024-05-21 05:56:10 ,       941 ,      91
       235 ,     2 ,Some piece study money finally audience raise little time wonder himself.                            ,2024-07-01 08:05:07 ,        63 ,      28
       236 ,     3 ,Young debate skin avoid hand project.                                                                ,2024-01-28 03:48:05 ,       618 ,       3
       237 ,     1 ,Increase security suffer anyone player another event give happen.                                    ,2024-08-17 02:24:12 ,       149 ,      10
       238 ,     5 ,Network well firm writer radio economy campaign week tax class.                                      ,2024-04-30 10:46:34 ,        43 ,      57
       239 ,     5 ,Something commercial garden education art between into mean simple.                                  ,2024-04-14 04:06:46 ,       888 ,      15
       240 ,     5 ,Star life system bad best state station surface music hard reason.                                   ,2024-06-22 20:53:36 ,       834 ,      82
       241 ,     1 ,To suddenly whose add our half important defense imagine investment want game adult.                 ,2024-05-28 04:34:35 ,       842 ,      87
       242 ,     5 ,Individual teacher I listen voice by catch from cover.                                               ,2024-01-20 16:52:44 ,       489 ,      19
       243 ,     2 ,Start war image decision give be thank five.                                                         ,2024-02-26 02:18:34 ,        58 ,      60
       244 ,     4 ,Federal pretty would establish should hot every off place age face.                                  ,2024-01-25 14:05:32 ,       307 ,       9
       245 ,     3 ,Sport option form agent ok like second very.                                                         ,2024-04-22 15:49:30 ,       994 ,      50
       246 ,     4 ,Hospital the data heart sense without big son receive security remember interest thought.            ,2024-03-19 12:02:27 ,        37 ,       3
       247 ,     3 ,Already board simple crime stay condition require ahead executive or garden total.                   ,2024-01-10 00:06:06 ,       516 ,      75
       248 ,     2 ,Hit either near argue resource personal dark nor outside dream hundred.                              ,2024-04-17 15:50:44 ,       994 ,      60
       249 ,     1 ,Any within room break level success suffer their to conference learn.                                ,2024-08-31 15:23:36 ,       341 ,      35
       250 ,     2 ,Performance job with approach firm want plant system suddenly car down view.                         ,2024-09-22 09:26:19 ,       838 ,      86
       251 ,     4 ,Audience head five here reflect partner turn challenge know similar kid behind media.                ,2024-05-09 02:42:08 ,       423 ,      94
       252 ,     1 ,Movie now where kid between newspaper.                                                               ,2024-06-19 11:09:47 ,       557 ,       8
       253 ,     4 ,Certainly drop group rise customer fast keep.                                                        ,2024-02-10 06:11:13 ,       831 ,      93
       254 ,     3 ,Player really reach individual policy especially stock once per address account major expert.        ,2024-09-08 10:40:04 ,       397 ,      88
       255 ,     4 ,Fire space left in information catch college result course notice.                                   ,2024-01-03 12:33:26 ,       441 ,      93
       256 ,     2 ,Goal plant quite seven develop kid either tree little.                                               ,2024-03-03 10:04:43 ,       930 ,      55
       257 ,     2 ,Whose yet somebody structure education although want.                                                ,2024-04-08 22:39:29 ,       674 ,      59
       258 ,     1 ,Yard among baby present recognize edge maintain skin get character citizen simple whole.             ,2024-01-26 21:18:49 ,       955 ,      82
       259 ,     4 ,Water show Congress manager tonight recognize reality thank probably game.                           ,2024-06-15 22:23:12 ,       118 ,      56
       260 ,     5 ,Husband hope world as join opportunity book but tax stock call site.                                 ,2024-03-14 21:05:44 ,       858 ,      36
       261 ,     1 ,Travel color feeling candidate already poor close speak forget Democrat ahead call put.              ,2024-06-27 22:14:08 ,       615 ,      82
       262 ,     5 ,Total hour administration night throughout mother more style maintain future.                        ,2024-01-23 08:10:06 ,       182 ,      58
       263 ,     5 ,Notice product gun cell guy agree relate.                                                            ,2024-01-30 19:27:47 ,       932 ,      50
       264 ,     4 ,Sea term reach indicate dream whose car we agent.                                                    ,2024-07-16 17:44:33 ,       446 ,      23
       265 ,     2 ,Operation itself black any thing simply bar wish speak third.                                        ,2024-08-26 11:35:29 ,       735 ,      30
       266 ,     4 ,Any upon two difference figure like could us send million his kitchen.                               ,2024-01-08 13:31:39 ,       521 ,      24
       267 ,     2 ,Language to find too science structure.                                                              ,2024-03-06 06:58:03 ,       267 ,      52
       268 ,     1 ,Stay affect suddenly another return region western avoid could leg prevent.                          ,2024-01-15 10:39:32 ,       774 ,      38
       269 ,     4 ,State huge interesting sound explain professor.                                                      ,2024-06-26 20:00:57 ,       917 ,      81
       270 ,     4 ,Any industry land choice market television these describe stock.                                     ,2024-03-13 20:07:28 ,       980 ,      34
       271 ,     5 ,Daughter imagine before long make if far office develop difficult possible when country.             ,2024-08-25 23:25:03 ,       356 ,      95
       272 ,     2 ,Sport yard however party evening edge instead eye town about.                                        ,2024-07-27 06:06:18 ,       127 ,      20
       273 ,     1 ,Believe any clearly company occur stop piece whose.                                                  ,2024-07-03 10:18:04 ,       322 ,      64
       274 ,     3 ,Bit term suddenly across resource people memory our kitchen.                                         ,2024-06-13 08:34:07 ,       205 ,      86
       275 ,     1 ,Home approach situation sit social partner drive administration military just machine law hand.      ,2024-08-07 02:21:05 ,       978 ,      41
       276 ,     2 ,Health together board enjoy heavy drive.                                                             ,2024-02-07 23:51:42 ,       936 ,      97
       277 ,     1 ,Choice finish main relationship form and.                                                            ,2024-08-06 00:51:55 ,       947 ,      58
       278 ,     4 ,Fine career job note director present stand.                                                         ,2024-01-28 20:12:56 ,       916 ,      22
       279 ,     2 ,Somebody past relationship soon myself stuff success main particularly.                              ,2024-09-12 13:43:28 ,       704 ,      30
       280 ,     3 ,Back anything example rather soon drug rest international figure radio require.                      ,2024-08-05 13:22:24 ,       184 ,      97
       281 ,     3 ,Traditional determine system perform you feel lose.                                                  ,2024-06-22 17:42:57 ,       738 ,      47
       282 ,     4 ,Decide pattern price however claim visit discussion rate night.                                      ,2024-03-14 07:57:12 ,       684 ,      32
       283 ,     5 ,Indicate big really air weight while test partner standard political.                                ,2024-04-14 21:47:57 ,       988 ,      63
       284 ,     2 ,Value rather know benefit amount certain smile choose.                                               ,2024-01-26 03:29:13 ,       663 ,      54
       285 ,     4 ,Grow herself avoid yet especially economy.                                                           ,2024-02-04 09:56:34 ,       961 ,      71
       286 ,     2 ,Best various among hard defense response pull data step fast.                                        ,2024-07-07 20:45:20 ,       268 ,      26
       287 ,     2 ,Sing run join such order she organization hotel authority suggest about cold employee.               ,2024-09-26 21:38:21 ,       288 ,      92
       288 ,     2 ,Debate office goal lead indicate religious boy.                                                      ,2024-01-23 23:44:35 ,       706 ,       4
       289 ,     3 ,Movement time including onto stage new decade meet manager house.                                    ,2024-03-12 20:50:44 ,       120 ,      62
       290 ,     2 ,Pm door prepare without charge various street increase behind imagine.                               ,2024-02-26 02:48:44 ,       652 ,       9
       291 ,     2 ,Possible improve those ten within decision book.                                                     ,2024-02-21 21:12:23 ,       913 ,      56
       292 ,     2 ,Box seat oil his ready clear international sound.                                                    ,2024-06-15 18:17:34 ,       357 ,      29
       293 ,     5 ,Able modern identify eat crime beyond sometimes explain over.                                        ,2024-06-10 15:48:05 ,       620 ,      51
       294 ,     5 ,Any bit mention medical body kitchen consumer within loss movement speech.                           ,2024-03-18 08:17:49 ,       514 ,       6
       295 ,     4 ,Law pressure beat amount site thank sound though cover star.                                         ,2024-07-28 15:27:30 ,       268 ,      31
       296 ,     4 ,Order hand program rich structure ten feeling nation knowledge.                                      ,2024-08-02 21:43:28 ,       576 ,      98
       297 ,     3 ,Develop pay sense role question child walk oil.                                                      ,2024-04-17 18:36:47 ,       628 ,      16
       298 ,     1 ,Recently section can take lay woman.                                                                 ,2024-05-28 01:14:20 ,       562 ,      80
       299 ,     4 ,Arrive cultural involve buy great exactly among economic character oil reason travel young.          ,2024-09-11 00:41:06 ,       904 ,      46
       300 ,     4 ,Amount notice finish chair write chair two and at develop yeah.                                      ,2024-07-15 15:37:19 ,       921 ,      40
       301 ,     4 ,Human hear effort wait so sort agreement account require.                                            ,2024-09-22 18:48:15 ,        79 ,      87
       302 ,     4 ,Language leave matter add just event it also in.                                                     ,2024-05-24 19:43:50 ,       575 ,      62
       303 ,     5 ,Federal community gas its size standard exist avoid why increase yes happen.                         ,2024-01-15 22:10:08 ,       490 ,      74
       304 ,     2 ,Treatment choose conference keep finish bring.                                                       ,2024-06-03 02:31:35 ,        46 ,      94
       305 ,     2 ,Change candidate staff feel make quality own police energy child.                                    ,2024-07-30 03:21:01 ,       826 ,      52
       306 ,     2 ,Final peace her rest scientist able.                                                                 ,2024-05-20 07:01:06 ,       854 ,      62
       307 ,     3 ,Movement month position beyond stay task store no central modern when.                               ,2024-02-08 15:54:58 ,       376 ,      84
       308 ,     3 ,Law agency soldier mission place cup rock tend lot artist eat hotel executive.                       ,2024-06-15 22:17:08 ,       309 ,      45
       309 ,     3 ,Say message Democrat cold culture behind.                                                            ,2024-03-01 06:39:42 ,       187 ,      29
       310 ,     5 ,Pass begin over how ahead reveal help history media daughter their area.                             ,2024-05-06 22:01:17 ,       249 ,      34
       311 ,     4 ,Sound arm turn officer enough expect western contain.                                                ,2024-06-13 05:33:41 ,       726 ,       2
       312 ,     2 ,Town ok thought money gun include federal prepare.                                                   ,2024-04-17 04:51:24 ,       984 ,      10
       313 ,     4 ,Paper company beautiful coach create everybody.                                                      ,2024-08-25 04:28:36 ,       463 ,      39
       314 ,     5 ,Risk though tend range Congress music wife game discussion oil.                                      ,2024-02-28 00:56:15 ,       893 ,      54
       315 ,     4 ,Green up hundred table national look data add call thought too sit cost.                             ,2024-07-01 06:38:59 ,       519 ,      73
       316 ,     5 ,Citizen pressure how herself indeed everyone south after there student road appear office.           ,2024-01-31 02:29:10 ,       302 ,      17
       317 ,     2 ,Life religious majority security hour dinner response middle.                                        ,2024-05-19 05:47:25 ,       313 ,      40
       318 ,     2 ,Kid home only floor stage remain beautiful.                                                          ,2024-04-11 19:35:09 ,       861 ,      92
       319 ,     3 ,Others prevent long plan law range type security mother money wind.                                  ,2024-05-13 04:58:12 ,       878 ,      87
       320 ,     1 ,Life authority three this garden pressure arm wide culture response exist our.                       ,2024-08-01 09:15:11 ,       962 ,      91
       321 ,     5 ,Leader if authority crime election factor also note.                                                 ,2024-08-22 19:28:20 ,       844 ,      12
       322 ,     4 ,War another more level adult page imagine budget fight executive voice.                              ,2024-03-31 19:34:24 ,       252 ,      87
       323 ,     5 ,South to view choice music kid.                                                                      ,2024-07-22 12:42:51 ,       210 ,      66
       324 ,     3 ,Suffer person course fire camera personal.                                                           ,2024-06-15 16:32:35 ,        64 ,       7
       325 ,     1 ,Walk half special produce find consider understand.                                                  ,2024-08-22 00:49:33 ,       940 ,     100
       326 ,     3 ,Wear conference story mouth reach wear choose view.                                                  ,2024-04-04 23:54:53 ,        84 ,      85
       327 ,     4 ,Consumer leg mission husband bank simple begin degree face personal.                                 ,2024-01-08 06:08:05 ,       385 ,      23
       328 ,     5 ,Star improve wife structure range bed painting strategy fact natural need.                           ,2024-06-14 07:26:33 ,       221 ,      76
       329 ,     3 ,Student know shoulder concern discussion shake.                                                      ,2024-08-10 11:56:25 ,         6 ,      74
       330 ,     1 ,Dinner once note guess explain reflect food huge quite Republican what.                              ,2024-01-30 01:51:04 ,       589 ,      92
       331 ,     5 ,Major offer upon against none body truth choice.                                                     ,2024-06-22 08:21:15 ,       420 ,      32
       332 ,     4 ,West cultural join part lead grow pass talk big let worry list.                                      ,2024-05-29 14:27:10 ,       600 ,      11
       333 ,     1 ,Sing read late it simply here public knowledge.                                                      ,2024-01-11 08:40:33 ,       471 ,      69
       334 ,     2 ,Push scientist each customer late begin receive pass believe opportunity today listen front.         ,2024-06-16 00:34:27 ,       691 ,      80
       335 ,     3 ,Unit plant feel allow woman partner soon large wonder enough present feeling.                        ,2024-01-27 11:35:31 ,       375 ,      57
       336 ,     3 ,Direction eye east either firm model require movement gas strategy former if one.                    ,2024-09-17 09:22:46 ,        97 ,      69
       337 ,     5 ,Challenge where energy involve run machine century.                                                  ,2024-01-09 13:27:01 ,       354 ,       3
       338 ,     2 ,Hand involve travel tree operation couple beautiful.                                                 ,2024-02-19 15:49:14 ,       327 ,      92
       339 ,     5 ,Especially everything development act article population show commercial employee if can account.    ,2024-03-04 12:19:13 ,       520 ,      95
       340 ,     1 ,Church century suffer your ball third really none enjoy thought south teach early.                   ,2024-05-24 07:46:05 ,       841 ,      77
       341 ,     5 ,Offer certainly early one thing sometimes record middle last.                                        ,2024-07-08 05:28:10 ,       164 ,      46
       342 ,     5 ,Investment employee site include region vote charge technology specific amount worker.               ,2024-03-23 09:38:35 ,       489 ,      47
       343 ,     4 ,Tax it manage relate east man.                                                                       ,2024-08-13 22:56:23 ,       465 ,      83
       344 ,     4 ,Effort chance order movie left quite growth.                                                         ,2024-04-29 16:10:05 ,       102 ,      34
       345 ,     4 ,Perhaps capital Congress admit ok white dinner indeed white animal.                                  ,2024-01-25 13:49:36 ,       315 ,       8
       346 ,     1 ,Husband environment consumer hair itself with or lay relate.                                         ,2024-06-03 00:15:26 ,       780 ,      95
       347 ,     2 ,Test likely decade physical room young social chance how speech detail.                              ,2024-01-20 16:19:14 ,       391 ,      59
       348 ,     4 ,Wait leader stock its campaign myself help Democrat charge also something.                           ,2024-05-28 12:05:26 ,       373 ,       7
       349 ,     4 ,Throw method professor learn inside news term.                                                       ,2024-01-16 03:52:09 ,       908 ,      70
       350 ,     5 ,Policy character recently heart special brother support detail piece exist race much.                ,2024-03-04 22:08:23 ,        35 ,      62
       351 ,     2 ,Finish interview their edge challenge week.                                                          ,2024-06-06 22:03:26 ,       881 ,      45
       352 ,     2 ,Candidate despite now model character say need break where party paper name.                         ,2024-03-27 12:31:19 ,       377 ,      89
       353 ,     4 ,Peace wear hope eat culture five doctor ask.                                                         ,2024-04-29 10:39:37 ,       791 ,      75
       354 ,     1 ,Fear indeed easy woman expect really voice he TV door.                                               ,2024-07-10 04:59:51 ,       260 ,      47
       355 ,     1 ,Growth just somebody eat decide avoid call.                                                          ,2024-05-18 02:24:51 ,       190 ,      36
       356 ,     5 ,Raise bed around foot report life painting economy term.                                             ,2024-04-09 22:11:19 ,       203 ,       7
       357 ,     3 ,Close figure tend chair player subject worker policy yourself family arm available son.              ,2024-03-10 14:38:08 ,       177 ,      28
       358 ,     5 ,Thus measure pass either good central than firm fear its thought participant growth.                 ,2024-02-27 22:32:05 ,       527 ,      88
       359 ,     4 ,Pull offer threat hand seem standard dark ok continue answer range.                                  ,2024-08-08 14:38:03 ,        37 ,      38
       360 ,     4 ,White top stage special field traditional rather have.                                               ,2024-02-02 07:50:50 ,       172 ,       8
       361 ,     1 ,Raise bed capital fly total these their.                                                             ,2024-05-18 05:01:38 ,       407 ,      54
       362 ,     1 ,Security wide group decade least training middle public question position home including two.        ,2024-04-01 08:27:59 ,       408 ,      92
       363 ,     3 ,Boy him kitchen either eat success often window example pull magazine door.                          ,2024-03-03 09:39:32 ,       713 ,      81
       364 ,     1 ,Ability leg start forget but speech life open by baby.                                               ,2024-01-07 07:08:43 ,       124 ,      18
       365 ,     5 ,Across yet wind team event your throw station hope country.                                          ,2024-04-24 12:09:28 ,       230 ,      86
       366 ,     4 ,Attention sort pull conference trade safe receive each against offer.                                ,2024-09-07 11:54:23 ,       201 ,      43
       367 ,     2 ,Prevent majority though bank loss remain around.                                                     ,2024-05-18 03:11:40 ,       782 ,      74
       368 ,     4 ,Local air guy federal lay staff garden board daughter the lot scientist.                             ,2024-03-11 02:29:12 ,       504 ,      83
       369 ,     1 ,Technology language prepare fire together trial where reduce possible.                               ,2024-09-02 17:04:33 ,       293 ,      95
       370 ,     3 ,Baby key wonder day least a baby seven street.                                                       ,2024-08-10 20:08:18 ,       178 ,      36
       371 ,     4 ,Quite significant time leg focus actually.                                                           ,2024-05-02 02:16:18 ,       212 ,      39
       372 ,     3 ,The sell believe focus scientist behavior.                                                           ,2024-05-17 17:27:08 ,       990 ,      58
       373 ,     5 ,Sign strategy gas purpose bit drug probably member training our significant whatever.                ,2024-04-15 12:08:37 ,       821 ,      34
       374 ,     3 ,Charge whom benefit nothing morning focus interest page easy vote.                                   ,2024-02-07 07:57:39 ,       471 ,       1
       375 ,     2 ,History fear tree drive product mention leg across front eye half break.                             ,2024-02-12 01:40:30 ,        73 ,      77
       376 ,     3 ,Federal statement late report enter allow.                                                           ,2024-03-21 05:01:47 ,        58 ,      69
       377 ,     2 ,Herself important half full affect nothing clear right.                                              ,2024-01-23 11:24:05 ,       372 ,      29
       378 ,     3 ,Both put walk others building agreement between majority hard husband cover while.                   ,2024-03-25 07:22:52 ,       904 ,      59
       379 ,     2 ,Between color case on yet fill.                                                                      ,2024-05-02 09:26:19 ,       995 ,      37
       380 ,     4 ,Ahead executive view majority medical eat something approach there.                                  ,2024-02-14 17:13:45 ,       496 ,       4
       381 ,     3 ,Everything short weight social four economy huge stock bring simply message receive.                 ,2024-06-12 13:28:58 ,       536 ,      37
       382 ,     3 ,Activity enough huge range cold girl sort.                                                           ,2024-02-11 05:52:30 ,       173 ,      63
       383 ,     5 ,Husband past usually ok hear culture carry who stage likely official some.                           ,2024-04-21 08:47:19 ,       910 ,      87
       384 ,     3 ,Early so try learn six ten.                                                                          ,2024-07-24 02:52:33 ,       357 ,      64
       385 ,     1 ,Medical seven though lose institution statement who base consider personal dream suggest list.       ,2024-10-04 01:55:46 ,        88 ,      91
       386 ,     5 ,Music single focus treatment sound PM expert view war.                                               ,2024-07-17 02:08:57 ,       459 ,      99
       387 ,     5 ,Industry opportunity including born everyone rise heart project fish national perform.               ,2024-05-16 10:11:05 ,       827 ,      10
       388 ,     1 ,Order difference detail middle official across thank as defense prove care Mrs.                      ,2024-06-02 17:44:57 ,       470 ,      88
       389 ,     4 ,Important soldier several see easy direction.                                                        ,2024-08-01 07:25:54 ,       942 ,      90
       390 ,     3 ,Certainly address work report professional dog.                                                      ,2024-02-06 04:18:08 ,       696 ,      36
       391 ,     1 ,They article will together upon different another life concern treat try.                            ,2024-02-04 15:29:42 ,       274 ,      20
       392 ,     5 ,Wait information loss scientist reach air do least.                                                  ,2024-05-12 17:31:04 ,        42 ,      26
       393 ,     5 ,Start pressure live service best player stay want tend laugh trade.                                  ,2024-08-15 22:50:59 ,        95 ,      70
       394 ,     3 ,Attention investment community election light theory inside would detail.                            ,2024-01-14 08:08:25 ,       675 ,       6
       395 ,     5 ,Court here beautiful into turn each.                                                                 ,2024-01-05 07:07:57 ,       592 ,      50
       396 ,     5 ,Another maybe central happy blood main huge billion he near shoulder.                                ,2024-01-15 06:32:34 ,       669 ,      88
       397 ,     4 ,Enter realize fall matter game pass section easy image.                                              ,2024-02-09 23:02:52 ,        95 ,      36
       398 ,     4 ,Data control sister policy history help.                                                             ,2024-02-20 19:50:09 ,        49 ,      45
       399 ,     3 ,Memory their with strong organization chair page take least hope to section skill.                   ,2024-01-19 06:25:24 ,       987 ,      29
       400 ,     3 ,Above authority create take office time.                                                             ,2024-06-08 00:42:14 ,       397 ,      22
       401 ,     3 ,Case step boy three bar good.                                                                        ,2024-06-24 05:45:49 ,       549 ,     100
       402 ,     1 ,Be husband office who serious sign nor before leave help.                                            ,2024-04-11 18:15:58 ,       542 ,      12
       403 ,     3 ,Agreement player though employee opportunity this city society.                                      ,2024-03-04 20:30:23 ,       605 ,      81
       404 ,     3 ,Certain both table smile fish kid network join where.                                                ,2024-01-26 22:43:01 ,       432 ,      42
       405 ,     1 ,Stock who whatever resource report dark accept deal.                                                 ,2024-01-22 08:23:01 ,       739 ,      71
       406 ,     2 ,Bank bag would note figure far majority figure artist again page I.                                  ,2024-08-25 18:27:27 ,       405 ,      86
       407 ,     2 ,Deal result try type cause near would put nice majority.                                             ,2024-01-03 00:59:01 ,       408 ,      44
       408 ,     5 ,Whether although room television less true pretty message sister.                                    ,2024-07-27 08:01:48 ,       650 ,      54
       409 ,     1 ,Hair sing card something away thing statement cultural friend weight support summer kid.             ,2024-01-05 10:33:00 ,        91 ,      55
       410 ,     4 ,Site section young help Mr always maintain natural high during remember whatever out.                ,2024-06-20 00:34:36 ,       648 ,      31
       411 ,     2 ,Remain five house north physical attack compare marriage force place nearly administration.          ,2024-01-24 17:31:56 ,        84 ,      96
       412 ,     4 ,Explain born business drive him drug.                                                                ,2024-01-18 21:33:11 ,       720 ,      12
       413 ,     2 ,Little look customer fish ability operation somebody lead relate.                                    ,2024-02-01 13:14:02 ,       885 ,      42
       414 ,     5 ,Including box level surface away article arrive.                                                     ,2024-08-29 23:10:49 ,       462 ,      74
       415 ,     1 ,Appear task condition position high catch soon meet growth service throughout generation.            ,2024-09-04 11:04:34 ,       282 ,      69
       416 ,     2 ,Analysis million I song wait shoulder them door spring.                                              ,2024-03-23 01:27:21 ,       152 ,      74
       417 ,     2 ,Certain rather degree almost type community check high success institution sure.                     ,2024-03-23 19:05:59 ,       420 ,      98
       418 ,     5 ,Check identify family day least people past south employee record ago coach.                         ,2024-09-20 19:43:29 ,       419 ,      44
       419 ,     2 ,Sometimes business represent us argue few above guy analysis.                                        ,2024-04-02 01:19:06 ,       152 ,       7
       420 ,     1 ,Opportunity smile forget blue factor range financial.                                                ,2024-02-14 17:22:34 ,       854 ,      35
       421 ,     2 ,Range against key lawyer movement every child mention pass need whole company training.              ,2024-02-01 20:52:38 ,       413 ,      34
       422 ,     4 ,Trade agreement stuff space stock start firm this country race.                                      ,2024-07-11 01:20:30 ,       732 ,      49
       423 ,     5 ,Want black speak character central adult nice return.                                                ,2024-08-26 06:00:32 ,       905 ,      82
       424 ,     2 ,Writer sort hear represent toward everyone the water.                                                ,2024-06-16 13:13:06 ,       583 ,      81
       425 ,     4 ,Try quality movement away particularly upon happy receive industry.                                  ,2024-08-09 18:57:56 ,       600 ,      89
       426 ,     1 ,Side however agency others most board week cup fear call to.                                         ,2024-09-11 00:59:17 ,       186 ,      87
       427 ,     1 ,Process other another put run culture green range great.                                             ,2024-07-22 01:34:25 ,       445 ,      89
       428 ,     1 ,Conference write choose financial wife lose quite church however.                                    ,2024-02-21 05:11:15 ,       152 ,      62
       429 ,     1 ,Camera firm activity include kid series be question require couple discover white nice.              ,2024-08-20 09:05:32 ,       825 ,     100
       430 ,     1 ,Most gun usually start character bring collection decide their focus themselves performance.         ,2024-03-04 23:54:49 ,       544 ,       2
       431 ,     1 ,House reduce sort indicate fish voice environment contain.                                           ,2024-03-25 01:10:59 ,       613 ,      90
       432 ,     4 ,Sell ground admit big top crime return again without seek defense.                                   ,2024-06-29 21:15:29 ,       302 ,       4
       433 ,     4 ,Push how score own detail term Democrat director hear study almost person affect.                    ,2024-07-14 06:09:09 ,       994 ,      49
       434 ,     1 ,Adult center interest people magazine ahead role science.                                            ,2024-09-10 02:53:26 ,       294 ,      40
       435 ,     3 ,Person strategy usually site image dinner heavy college soon result everyone glass.                  ,2024-05-22 12:07:09 ,       260 ,      70
       436 ,     2 ,While before five heavy wish behavior expert help thank police explain.                              ,2024-04-17 01:16:00 ,       974 ,      73
       437 ,     3 ,Others green choice mean choice part ready bill knowledge.                                           ,2024-09-16 02:48:20 ,        99 ,      70
       438 ,     1 ,Police option time personal fish series.                                                             ,2024-09-05 18:53:29 ,       838 ,      92
       439 ,     2 ,Particular film newspaper important until vote wrong mission activity fill American.                 ,2024-05-21 11:44:13 ,       247 ,      62
       440 ,     4 ,Partner significant choose individual list result before report open.                                ,2024-01-20 06:22:14 ,       392 ,      40
       441 ,     2 ,Alone have usually perhaps foreign individual even.                                                  ,2024-04-09 23:24:44 ,       411 ,       1
       442 ,     3 ,Follow explain light anything person film.                                                           ,2024-03-24 17:59:10 ,       124 ,       8
       443 ,     1 ,Wear place decision someone project interesting beautiful couple section.                            ,2024-04-21 22:06:20 ,       713 ,      79
       444 ,     5 ,Ahead purpose energy above art difficult power air somebody different.                               ,2024-02-21 23:32:57 ,       513 ,      71
       445 ,     4 ,Language low prevent night military charge develop bad fish.                                         ,2024-01-21 03:03:03 ,       232 ,      77
       446 ,     5 ,Large point since laugh word evidence.                                                               ,2024-03-02 21:10:21 ,       467 ,      30
       447 ,     5 ,Despite near owner treatment approach full if.                                                       ,2024-03-31 22:47:51 ,        75 ,      36
       448 ,     3 ,Environment card east tree get long single song remain.                                              ,2024-03-26 00:26:02 ,       342 ,      25
       449 ,     1 ,Approach big still decision American close baby reach federal.                                       ,2024-03-17 19:30:30 ,        79 ,      79
       450 ,     5 ,Concern soldier do item call cover.                                                                  ,2024-08-14 09:06:44 ,       360 ,      36
       451 ,     4 ,Oil herself cell know prove box speak specific exactly task fly.                                     ,2024-03-15 21:59:04 ,       328 ,     100
       452 ,     4 ,Full hold relationship station peace scientist would record seem surface baby middle land.           ,2024-06-30 15:34:49 ,       481 ,      22
       453 ,     5 ,North machine boy will child last describe to.                                                       ,2024-05-28 03:37:22 ,        26 ,      11
       454 ,     2 ,Star result you sign sister imagine north black especially including air father.                     ,2024-08-06 19:25:46 ,       833 ,      82
       455 ,     1 ,Nearly safe nearly office fact lead human total itself.                                              ,2024-05-26 10:50:38 ,       623 ,      67
       456 ,     5 ,Against player ok toward none agreement father personal also service people other.                   ,2024-08-10 09:58:10 ,       266 ,       2
       457 ,     1 ,Painting modern keep often spend stage particular that miss.                                         ,2024-02-16 19:27:37 ,       380 ,      43
       458 ,     5 ,Hair performance close where trial for voice school question game out green some.                    ,2024-07-30 12:03:52 ,       369 ,      14
       459 ,     5 ,Nor draw case conference question allow man president bring at stage stand.                          ,2024-03-27 03:00:46 ,       587 ,      37
       460 ,     2 ,Green senior quite term same it part one recent common glass research.                               ,2024-07-11 01:08:51 ,       833 ,      98
       461 ,     4 ,Watch might interest clear first myself will suffer position affect though yard.                     ,2024-01-01 12:12:22 ,       529 ,      58
       462 ,     5 ,Person quickly common everybody claim ask kitchen though use ahead real traditional.                 ,2024-05-09 00:02:44 ,         5 ,      20
       463 ,     4 ,Safe system network form begin area down know anything article.                                      ,2024-05-21 11:10:32 ,        10 ,      41
       464 ,     4 ,Situation something number home expert that certain must.                                            ,2024-10-04 07:32:54 ,       300 ,      74
       465 ,     2 ,Statement energy wait build benefit especially scene establish yeah career training hold.            ,2024-09-06 14:42:32 ,        44 ,      66
       466 ,     5 ,Trial find decision avoid scene reason involve hear anything exist experience open.                  ,2024-02-25 04:22:55 ,       445 ,      57
       467 ,     2 ,Trip enjoy area far walk but movement.                                                               ,2024-05-15 00:45:15 ,       660 ,      75
       468 ,     3 ,Keep including drop crime range order center nor.                                                    ,2024-06-11 12:05:51 ,       688 ,       6
       469 ,     5 ,Rest trouble push treat person tonight.                                                              ,2024-04-12 14:42:35 ,       241 ,      75
       470 ,     4 ,Dream work forward impact within scene hear according alone.                                         ,2024-09-25 09:03:51 ,       271 ,      51
       471 ,     5 ,Financial budget write week it per among effect shoulder leader thing be production we.              ,2024-06-22 21:54:37 ,       860 ,      72
       472 ,     1 ,Themselves either reality go term experience Democrat piece.                                         ,2024-03-06 20:10:38 ,       781 ,      48
       473 ,     1 ,Character strategy travel show surface increase start mean also back teach trial pull idea.          ,2024-05-31 15:03:00 ,       218 ,      76
       474 ,     5 ,After reality ready such even another authority.                                                     ,2024-09-12 07:17:18 ,       838 ,      52
       475 ,     3 ,How people really nor huge pass.                                                                     ,2024-07-11 12:20:40 ,       163 ,      83
       476 ,     2 ,Miss station time arrive its safe brother their him check follow middle.                             ,2024-09-01 12:11:46 ,       996 ,      16
       477 ,     4 ,Hold exactly citizen thousand my maybe perhaps just half who money west against.                     ,2024-09-13 22:02:34 ,       232 ,      99
       478 ,     5 ,Beyond provide still member quickly whole coach picture bank.                                        ,2024-07-06 18:46:44 ,       926 ,      58
       479 ,     1 ,System PM imagine traditional fish choose ten hair.                                                  ,2024-09-01 07:00:15 ,       277 ,      46
       480 ,     5 ,To girl three success price dream shoulder friend wife economy crime car program.                    ,2024-03-06 17:09:47 ,       343 ,      94
       481 ,     3 ,Apply continue check quite hope fear year time serve baby just research.                             ,2024-04-17 04:42:56 ,       502 ,      97
       482 ,     2 ,Yes worker people property up chair star.                                                            ,2024-08-22 22:22:06 ,       559 ,      14
       483 ,     4 ,Laugh million forget person dinner management.                                                       ,2024-08-27 09:06:32 ,       559 ,       5
       484 ,     5 ,Material firm between themselves prepare throughout her who program fear travel defense individual.  ,2024-01-13 13:24:16 ,       788 ,      97
       485 ,     4 ,Or tend them money without wear avoid sister season some yet.                                        ,2024-08-16 08:51:59 ,       563 ,      19
       486 ,     1 ,Throw throw artist husband prevent future any.                                                       ,2024-01-31 18:56:51 ,       923 ,      91
       487 ,     1 ,Figure woman health PM actually team federal more.                                                   ,2024-08-10 12:34:48 ,       734 ,      77
       488 ,     5 ,Girl despite clearly record activity along rule rate local today explain information.                ,2024-04-01 23:09:40 ,       327 ,      52
       489 ,     2 ,Simple tell hospital billion TV capital people.                                                      ,2024-09-01 07:24:57 ,       653 ,      75
       490 ,     2 ,Marriage learn business care street foot question.                                                   ,2024-08-11 10:33:22 ,       567 ,       7
       491 ,     2 ,Body one with magazine between minute bad more born three day wind modern.                           ,2024-04-18 00:42:30 ,       325 ,      69
       492 ,     1 ,Network son drive include life recent.                                                               ,2024-04-18 12:47:43 ,       861 ,      68
       493 ,     4 ,Others activity prove series pull over analysis model usually hope light impact.                     ,2024-03-24 15:36:07 ,      1000 ,      42
       494 ,     1 ,Through student cell many detail believe over back away wait.                                        ,2024-07-23 08:18:27 ,       987 ,      65
       495 ,     4 ,Church piece store institution return even of hit become simply meet vote trade find.                ,2024-08-04 03:09:59 ,       293 ,      35
       496 ,     2 ,Decision card record man cell budget field Democrat.                                                 ,2024-07-17 00:31:24 ,       922 ,      34
       497 ,     3 ,Speech chair main actually between simple want least.                                                ,2024-06-16 11:29:45 ,       627 ,      51
       498 ,     4 ,Purpose prove leg image cultural nearly trip exactly leave energy reveal method.                     ,2024-09-26 05:47:51 ,       214 ,      11
       499 ,     4 ,House glass remain color many prevent action buy adult night provide institution.                    ,2024-06-04 10:28:29 ,       585 ,      43
       500 ,     4 ,Before energy low something discover event.                                                          ,2024-05-10 20:32:49 ,       432 ,      60
