EmployeeID ,DiscussionCount ,LastPostDate
         2 ,              2 ,2024-08-30 19:51:30
         3 ,              2 ,2024-09-09 09:12:54
         5 ,              3 ,2024-05-16 06:28:13
         8 ,              3 ,2024-08-13 22:29:51
        10 ,              3 ,2024-09-16 01:15:17
        11 ,              1 ,2024-06-09 06:00:17
        12 ,              3 ,2024-10-04 07:05:24
        14 ,              2 ,2024-03-29 01:56:03
        15 ,              1 ,2024-09-18 10:03:49
        16 ,              5 ,2024-09-14 13:31:09
        17 ,              1 ,2024-03-20 13:44:48
        18 ,              3 ,2024-07-25 06:27:09
        19 ,              1 ,2024-02-11 12:20:01
        20 ,              3 ,2024-06-30 03:06:40
        21 ,              1 ,2024-08-28 07:05:20
        22 ,              2 ,2024-05-26 15:27:53
        23 ,              2 ,2024-05-06 19:13:54
        24 ,              3 ,2024-06-20 09:53:57
        25 ,              3 ,2024-08-20 20:04:14
        27 ,              2 ,2024-03-18 12:01:03
        28 ,              3 ,2024-07-21 16:53:31
        31 ,              1 ,2024-08-15 05:04:28
        34 ,              4 ,2024-08-11 07:23:32
        35 ,              2 ,2024-08-23 18:15:48
        36 ,              2 ,2024-06-17 09:12:44
        37 ,              1 ,2024-09-03 08:31:47
        38 ,              2 ,2024-08-10 17:53:08
        39 ,              1 ,2024-03-08 08:03:29
        40 ,              1 ,2024-07-07 09:51:55
        42 ,              1 ,2024-09-17 11:41:05
        43 ,              2 ,2024-06-25 06:06:46
        44 ,              3 ,2024-06-01 08:15:43
        46 ,              1 ,2024-06-03 18:53:33
        47 ,              2 ,2024-09-05 00:24:40
        48 ,              2 ,2024-05-28 15:35:46
        49 ,              4 ,2024-10-02 05:27:11
        51 ,              2 ,2024-06-06 15:46:09
        52 ,              2 ,2024-05-30 22:53:54
        53 ,              1 ,2024-01-22 12:44:15
        54 ,              1 ,2024-09-27 02:50:05
        55 ,              2 ,2024-04-11 04:38:53
        56 ,              1 ,2024-08-08 11:09:25
        57 ,              1 ,2024-07-18 18:15:32
        58 ,              1 ,2024-02-18 19:04:23
        59 ,              1 ,2024-07-23 08:57:27
        61 ,              3 ,2024-07-25 04:31:48
        62 ,              3 ,2024-04-07 17:18:08
        63 ,              2 ,2024-02-17 08:02:18
        64 ,              1 ,2024-07-07 01:48:19
        66 ,              4 ,2024-07-29 14:49:24
        67 ,              2 ,2024-07-31 18:02:18
        68 ,              1 ,2024-03-24 14:26:04
        69 ,              2 ,2024-04-27 17:55:04
        70 ,              1 ,2024-04-01 02:07:28
        71 ,              2 ,2024-09-21 19:05:19
        73 ,              3 ,2024-06-09 23:20:16
        75 ,              3 ,2024-09-15 16:52:52
        76 ,              1 ,2024-07-16 06:13:07
        77 ,              3 ,2024-07-06 01:49:41
        78 ,              2 ,2024-08-19 01:34:03
        79 ,              1 ,2024-05-20 05:56:21
        80 ,              1 ,2024-08-12 04:36:25
        81 ,              3 ,2024-09-29 00:01:01
        82 ,              1 ,2024-01-19 13:27:42
        83 ,              3 ,2024-07-07 15:40:50
        85 ,              1 ,2024-02-16 01:45:39
        86 ,              2 ,2024-09-06 09:16:49
        88 ,              1 ,2024-01-20 11:23:19
        89 ,              3 ,2024-06-18 06:24:39
        91 ,              1 ,2024-09-28 01:36:17
        92 ,              1 ,2024-03-16 23:49:26
        94 ,              1 ,2024-07-24 23:47:01
        95 ,              1 ,2024-05-09 09:48:28
        96 ,              2 ,2024-09-22 17:23:08
        98 ,              1 ,2024-08-31 04:53:41
        99 ,              2 ,2024-08-04 03:29:56
       100 ,              2 ,2024-09-27 03:30:09
       101 ,              1 ,2024-02-02 15:04:19
       102 ,              1 ,2024-04-21 23:36:40
       103 ,              4 ,2024-08-24 13:22:49
       104 ,              2 ,2024-06-06 21:20:45
       105 ,              1 ,2024-08-16 00:26:46
       106 ,              2 ,2024-09-15 14:47:21
       107 ,              1 ,2024-10-02 01:30:26
       108 ,              2 ,2024-09-02 07:10:09
       109 ,              2 ,2024-07-18 16:15:29
       110 ,              2 ,2024-08-30 17:44:13
       111 ,              3 ,2024-06-21 05:23:47
       112 ,              1 ,2024-05-27 21:05:29
       113 ,              3 ,2024-09-15 18:23:14
       114 ,              1 ,2024-07-05 07:29:39
       116 ,              1 ,2024-01-05 19:44:05
       117 ,              4 ,2024-07-09 22:53:16
       118 ,              4 ,2024-05-11 22:04:26
       119 ,              4 ,2024-05-28 05:27:11
       120 ,              5 ,2024-07-21 04:10:56
       122 ,              3 ,2024-02-20 14:50:01
       123 ,              2 ,2024-07-05 18:45:34
       125 ,              1 ,2024-03-25 19:35:29
       127 ,              4 ,2024-07-05 05:12:22
       130 ,              1 ,2024-04-28 08:39:10
       131 ,              1 ,2024-06-25 01:16:05
       132 ,              1 ,2024-09-03 07:36:30
       134 ,              2 ,2024-06-24 08:24:07
       135 ,              1 ,2024-07-19 23:55:16
       137 ,              1 ,2024-06-29 06:16:26
       138 ,              1 ,2024-01-03 16:07:50
       139 ,              1 ,2024-09-26 09:21:27
       140 ,              1 ,2024-04-28 09:49:28
       141 ,              2 ,2024-08-15 20:09:20
       142 ,              3 ,2024-08-29 07:42:13
       143 ,              2 ,2024-05-30 01:45:23
       145 ,              1 ,2024-09-26 20:26:35
       146 ,              1 ,2024-02-18 03:40:36
       148 ,              2 ,2024-07-06 21:44:35
       150 ,              1 ,2024-03-22 12:35:33
       151 ,              1 ,2024-05-22 09:19:04
       152 ,              1 ,2024-06-13 17:46:21
       153 ,              2 ,2024-06-14 10:57:37
       157 ,              1 ,2024-02-20 18:07:33
       158 ,              1 ,2024-01-25 14:52:25
       160 ,              3 ,2024-07-07 10:12:10
       161 ,              1 ,2024-02-10 01:03:20
       163 ,              4 ,2024-08-04 21:08:14
       166 ,              2 ,2024-06-14 06:10:10
       168 ,              1 ,2024-03-07 01:12:41
       169 ,              1 ,2024-09-23 00:12:14
       170 ,              4 ,2024-08-14 16:05:14
       171 ,              2 ,2024-06-03 06:15:04
       172 ,              1 ,2024-06-14 05:17:28
       176 ,              1 ,2024-08-03 03:22:57
       177 ,              1 ,2024-09-24 08:38:27
       178 ,              1 ,2024-01-18 17:32:35
       180 ,              1 ,2024-04-27 16:23:24
       182 ,              2 ,2024-08-12 15:23:05
       183 ,              1 ,2024-01-16 00:49:39
       185 ,              4 ,2024-10-03 07:57:58
       186 ,              1 ,2024-09-09 11:40:45
       187 ,              1 ,2024-05-02 15:37:24
       189 ,              2 ,2024-06-08 12:04:27
       190 ,              1 ,2024-04-28 02:28:53
       191 ,              1 ,2024-07-09 10:31:38
       192 ,              2 ,2024-07-08 04:23:37
       193 ,              2 ,2024-07-27 18:11:10
       194 ,              2 ,2024-04-21 21:53:21
       195 ,              3 ,2024-09-26 03:09:45
       196 ,              1 ,2024-06-27 09:05:22
       198 ,              3 ,2024-05-10 21:45:19
       200 ,              2 ,2024-02-14 10:55:14
       202 ,              2 ,2024-06-20 03:27:49
       203 ,              1 ,2024-01-21 17:13:13
       204 ,              3 ,2024-05-02 15:10:41
       205 ,              1 ,2024-06-16 03:18:22
       206 ,              3 ,2024-10-03 13:43:32
       207 ,              1 ,2024-05-29 10:56:20
       208 ,              2 ,2024-09-15 08:03:21
       210 ,              3 ,2024-09-30 10:52:05
       211 ,              1 ,2024-07-04 16:20:28
       212 ,              2 ,2024-02-22 20:29:52
       213 ,              1 ,2024-05-25 20:28:30
       214 ,              1 ,2024-08-04 06:03:41
       215 ,              1 ,2024-06-24 03:50:13
       216 ,              1 ,2024-07-08 10:30:03
       217 ,              1 ,2024-08-11 05:54:01
       218 ,              2 ,2024-07-29 04:25:26
       219 ,              2 ,2024-07-06 03:57:29
       222 ,              1 ,2024-07-28 14:22:21
       223 ,              2 ,2024-07-12 00:25:33
       224 ,              2 ,2024-08-20 11:08:53
       225 ,              2 ,2024-07-22 16:06:08
       226 ,              3 ,2024-08-01 11:31:09
       228 ,              2 ,2024-02-27 21:57:56
       230 ,              4 ,2024-04-29 18:05:20
       231 ,              2 ,2024-08-29 12:12:46
       232 ,              2 ,2024-05-29 06:34:51
       234 ,              3 ,2024-09-27 23:44:58
       235 ,              2 ,2024-08-23 06:29:40
       236 ,              2 ,2024-09-29 13:20:33
       237 ,              1 ,2024-08-08 02:54:35
       238 ,              2 ,2024-05-08 23:54:12
       239 ,              1 ,2024-01-07 12:08:26
       240 ,              2 ,2024-08-31 17:09:25
       241 ,              1 ,2024-07-17 20:21:14
       244 ,              1 ,2024-03-24 06:03:46
       245 ,              1 ,2024-09-12 20:57:31
       246 ,              2 ,2024-05-16 07:16:16
       247 ,              1 ,2024-07-15 03:31:40
       248 ,              2 ,2024-08-03 05:38:43
       249 ,              2 ,2024-08-06 14:30:08
       250 ,              2 ,2024-04-24 17:34:37
       251 ,              3 ,2024-09-12 07:13:08
       252 ,              1 ,2024-04-11 22:41:09
       254 ,              1 ,2024-05-21 22:18:25
       258 ,              1 ,2024-04-26 02:59:47
       259 ,              1 ,2024-04-23 17:58:39
       260 ,              1 ,2024-09-12 23:08:20
       261 ,              3 ,2024-02-23 04:21:05
       262 ,              3 ,2024-06-12 10:58:29
       263 ,              1 ,2024-03-04 20:33:36
       264 ,              2 ,2024-07-28 18:18:01
       265 ,              1 ,2024-06-15 19:18:17
       266 ,              1 ,2024-03-01 10:02:27
       268 ,              2 ,2024-07-10 06:53:18
       270 ,              2 ,2024-09-15 22:08:01
       271 ,              2 ,2024-09-18 12:31:19
       272 ,              3 ,2024-07-26 20:01:09
       273 ,              1 ,2024-04-18 14:31:31
       274 ,              1 ,2024-06-22 02:55:50
       275 ,              3 ,2024-08-21 06:42:37
       276 ,              1 ,2024-05-01 02:28:23
       278 ,              1 ,2024-06-08 19:50:45
       279 ,              1 ,2024-09-13 10:06:20
       282 ,              2 ,2024-09-09 08:26:56
       283 ,              2 ,2024-05-26 00:34:30
       284 ,              1 ,2024-02-05 03:00:25
       285 ,              4 ,2024-09-12 03:22:28
       286 ,              1 ,2024-02-07 12:09:47
       287 ,              1 ,2024-09-21 20:12:56
       288 ,              4 ,2024-07-28 22:50:08
       289 ,              2 ,2024-09-21 10:12:08
       290 ,              1 ,2024-07-17 17:59:00
       292 ,              1 ,2024-10-02 04:18:04
       293 ,              3 ,2024-04-30 14:02:13
       294 ,              2 ,2024-03-10 19:22:33
       295 ,              2 ,2024-05-28 14:21:31
       296 ,              3 ,2024-09-13 07:51:24
       297 ,              4 ,2024-09-30 06:54:49
       298 ,              3 ,2024-07-31 21:39:12
       299 ,              1 ,2024-08-05 22:00:40
       300 ,              1 ,2024-08-10 16:13:55
       302 ,              2 ,2024-08-29 20:30:59
       303 ,              2 ,2024-09-14 06:08:11
       304 ,              2 ,2024-05-18 08:33:05
       305 ,              2 ,2024-05-13 20:21:27
       306 ,              2 ,2024-06-15 20:40:54
       307 ,              2 ,2024-09-07 05:47:32
       308 ,              2 ,2024-06-27 21:20:17
       309 ,              3 ,2024-09-29 02:03:19
       310 ,              1 ,2024-08-29 11:40:33
       311 ,              1 ,2024-05-04 08:32:17
       312 ,              3 ,2024-08-20 00:53:14
       313 ,              1 ,2024-02-05 20:38:31
       314 ,              1 ,2024-05-28 23:14:47
       315 ,              2 ,2024-09-25 23:42:56
       316 ,              2 ,2024-08-04 01:22:01
       317 ,              2 ,2024-04-21 20:59:39
       318 ,              2 ,2024-09-04 00:00:24
       319 ,              3 ,2024-08-29 19:13:59
       322 ,              2 ,2024-03-27 23:30:49
       323 ,              2 ,2024-05-23 00:27:57
       324 ,              1 ,2024-08-25 10:15:39
       328 ,              1 ,2024-08-14 11:26:42
       329 ,              2 ,2024-06-25 23:05:34
       330 ,              1 ,2024-07-25 20:41:14
       331 ,              1 ,2024-09-30 11:38:08
       332 ,              1 ,2024-07-19 11:16:47
       334 ,              1 ,2024-03-25 10:48:59
       335 ,              3 ,2024-09-05 00:52:44
       336 ,              3 ,2024-07-16 09:48:25
       337 ,              1 ,2024-03-12 10:37:38
       339 ,              4 ,2024-08-16 00:10:45
       340 ,              1 ,2024-06-22 08:28:57
       342 ,              1 ,2024-08-21 23:17:12
       343 ,              2 ,2024-06-29 14:59:37
       344 ,              1 ,2024-06-30 03:18:32
       345 ,              1 ,2024-09-26 04:05:48
       346 ,              1 ,2024-06-16 15:17:44
       347 ,              1 ,2024-03-29 23:31:30
       348 ,              3 ,2024-06-28 01:51:02
       349 ,              2 ,2024-05-30 04:38:30
       350 ,              1 ,2024-06-16 00:44:29
       352 ,              3 ,2024-05-04 15:08:24
       353 ,              4 ,2024-08-19 06:35:35
       354 ,              2 ,2024-09-27 00:50:37
       355 ,              1 ,2024-02-08 05:38:52
       356 ,              1 ,2024-08-22 02:45:29
       357 ,              1 ,2024-09-08 18:08:56
       358 ,              4 ,2024-06-14 21:01:00
       359 ,              1 ,2024-02-19 00:31:58
       360 ,              1 ,2024-06-22 15:10:28
       361 ,              3 ,2024-09-27 14:37:51
       362 ,              3 ,2024-08-31 08:24:48
       363 ,              2 ,2024-08-15 14:27:02
       364 ,              1 ,2024-04-21 08:35:42
       365 ,              2 ,2024-02-28 00:35:12
       366 ,              1 ,2024-04-05 06:14:28
       369 ,              1 ,2024-02-09 19:57:22
       370 ,              1 ,2024-03-23 22:37:05
       371 ,              1 ,2024-08-26 23:19:48
       372 ,              1 ,2024-03-29 06:07:43
       373 ,              2 ,2024-09-02 08:25:50
       374 ,              3 ,2024-08-03 08:44:49
       377 ,              2 ,2024-03-15 06:26:06
       379 ,              3 ,2024-09-27 00:34:01
       381 ,              2 ,2024-04-13 08:32:02
       383 ,              3 ,2024-09-29 13:43:09
       384 ,              2 ,2024-08-17 13:39:43
       385 ,              1 ,2024-08-17 23:46:05
       387 ,              1 ,2024-09-11 09:13:04
       389 ,              5 ,2024-08-26 05:30:47
       390 ,              2 ,2024-08-10 05:26:35
       391 ,              1 ,2024-05-08 07:44:40
       392 ,              2 ,2024-04-14 22:03:39
       393 ,              3 ,2024-08-04 19:08:23
       396 ,              2 ,2024-04-21 05:41:32
       397 ,              2 ,2024-09-16 23:59:17
       399 ,              1 ,2024-09-08 21:02:08
       400 ,              3 ,2024-08-21 03:49:00
       401 ,              1 ,2024-03-28 13:22:47
       402 ,              2 ,2024-09-07 20:08:44
       403 ,              2 ,2024-08-13 16:16:55
       404 ,              1 ,2024-04-12 03:55:43
       406 ,              1 ,2024-08-08 19:17:02
       407 ,              1 ,2024-04-06 08:59:17
       408 ,              1 ,2024-07-21 04:42:23
       410 ,              4 ,2024-08-11 15:23:56
       412 ,              1 ,2024-08-15 19:27:39
       413 ,              2 ,2024-05-06 14:42:34
       414 ,              2 ,2024-06-25 19:09:20
       415 ,              2 ,2024-09-02 04:43:47
       416 ,              2 ,2024-06-04 09:41:30
       417 ,              1 ,2024-05-05 07:42:25
       418 ,              1 ,2024-04-19 04:28:05
       419 ,              3 ,2024-06-29 14:46:15
       420 ,              1 ,2024-02-08 04:07:06
       422 ,              2 ,2024-08-25 07:31:26
       423 ,              2 ,2024-05-09 08:27:45
       424 ,              4 ,2024-07-15 12:08:47
       425 ,              1 ,2024-05-01 04:45:56
       426 ,              2 ,2024-08-03 14:22:35
       427 ,              3 ,2024-08-14 03:25:04
       428 ,              2 ,2024-08-14 05:48:42
       430 ,              1 ,2024-07-13 13:35:07
       431 ,              1 ,2024-03-02 05:31:33
       432 ,              1 ,2024-07-30 04:41:54
       434 ,              1 ,2024-05-26 11:57:48
       436 ,              2 ,2024-02-17 08:03:52
       438 ,              1 ,2024-07-08 21:35:29
       439 ,              1 ,2024-09-02 23:34:04
       441 ,              4 ,2024-06-20 23:25:20
       442 ,              1 ,2024-06-02 07:48:30
       444 ,              1 ,2024-01-29 15:19:39
       447 ,              1 ,2024-02-13 01:00:40
       449 ,              1 ,2024-05-11 12:02:05
       450 ,              2 ,2024-09-03 02:55:14
       453 ,              2 ,2024-01-30 16:56:10
       454 ,              2 ,2024-08-24 00:04:44
       455 ,              4 ,2024-09-20 06:09:49
       456 ,              4 ,2024-09-13 02:07:05
       458 ,              4 ,2024-06-29 02:03:49
       459 ,              1 ,2024-09-25 23:19:53
       460 ,              1 ,2024-09-15 13:11:46
       461 ,              1 ,2024-01-07 05:44:12
       462 ,              3 ,2024-09-18 10:02:47
       464 ,              2 ,2024-08-01 11:21:58
       465 ,              1 ,2024-06-13 05:33:42
       467 ,              2 ,2024-09-18 03:51:11
       468 ,              1 ,2024-03-06 15:56:38
       470 ,              3 ,2024-07-24 00:26:23
       471 ,              2 ,2024-07-23 20:34:20
       473 ,              3 ,2024-09-01 13:57:38
       475 ,              2 ,2024-03-31 22:35:56
       476 ,              5 ,2024-09-30 00:52:38
       477 ,              2 ,2024-05-21 14:56:45
       478 ,              2 ,2024-05-09 15:22:56
       479 ,              1 ,2024-09-26 16:44:05
       480 ,              2 ,2024-09-17 00:58:32
       482 ,              3 ,2024-03-01 15:06:29
       483 ,              1 ,2024-01-31 18:04:38
       484 ,              3 ,2024-09-29 07:10:41
       486 ,              1 ,2024-09-17 04:48:22
       487 ,              2 ,2024-08-14 13:06:17
       489 ,              2 ,2024-09-23 08:46:15
       490 ,              2 ,2024-04-30 00:20:43
       491 ,              2 ,2024-05-06 03:45:12
       492 ,              2 ,2024-06-24 11:56:17
       493 ,              2 ,2024-08-27 20:43:32
       495 ,              1 ,2024-06-11 16:51:11
       496 ,              1 ,2024-02-22 21:51:54
       497 ,              2 ,2024-09-25 05:41:43
       499 ,              2 ,2024-05-20 22:26:19
       501 ,              2 ,2024-05-24 14:51:08
       502 ,              1 ,2024-08-23 15:47:41
       503 ,              1 ,2024-02-07 20:01:54
       505 ,              1 ,2024-07-29 18:36:31
       506 ,              5 ,2024-06-18 19:51:35
       507 ,              2 ,2024-08-27 08:27:11
       508 ,              1 ,2024-08-18 06:02:06
       509 ,              4 ,2024-09-19 02:54:33
       511 ,              2 ,2024-08-21 20:03:54
       512 ,              3 ,2024-03-27 22:11:18
       513 ,              1 ,2024-08-10 00:32:02
       514 ,              1 ,2024-08-12 20:23:15
       515 ,              2 ,2024-05-26 06:51:22
       517 ,              1 ,2024-06-01 05:53:00
       518 ,              4 ,2024-08-11 16:59:43
       519 ,              1 ,2024-05-08 00:43:11
       520 ,              2 ,2024-08-07 06:57:32
       522 ,              2 ,2024-04-05 01:02:54
       523 ,              1 ,2024-09-18 15:09:58
       525 ,              2 ,2024-08-13 23:04:18
       526 ,              2 ,2024-07-06 19:23:14
       529 ,              3 ,2024-07-19 04:22:44
       530 ,              2 ,2024-03-26 09:17:50
       532 ,              1 ,2024-06-04 00:02:32
       533 ,              7 ,2024-09-01 18:39:00
       534 ,              2 ,2024-07-11 14:19:53
       536 ,              2 ,2024-08-01 19:03:11
       537 ,              1 ,2024-05-24 16:02:49
       540 ,              2 ,2024-09-01 03:35:47
       541 ,              3 ,2024-09-23 11:34:53
       542 ,              1 ,2024-06-21 11:05:36
       543 ,              4 ,2024-05-20 01:03:57
       544 ,              2 ,2024-06-04 03:49:43
       545 ,              1 ,2024-08-11 07:07:11
       546 ,              2 ,2024-07-22 09:02:14
       548 ,              2 ,2024-05-03 12:46:02
       549 ,              2 ,2024-03-11 13:04:39
       551 ,              2 ,2024-09-19 07:29:47
       552 ,              2 ,2024-03-09 00:34:46
       553 ,              2 ,2024-05-10 17:13:15
       554 ,              1 ,2024-07-23 16:20:04
       555 ,              2 ,2024-05-20 06:09:30
       557 ,              1 ,2024-04-01 00:30:45
       559 ,              4 ,2024-05-15 08:09:28
       560 ,              2 ,2024-09-21 17:01:42
       561 ,              3 ,2024-08-17 03:18:39
       562 ,              2 ,2024-02-21 00:12:27
       563 ,              2 ,2024-09-07 19:56:10
       564 ,              1 ,2024-02-29 00:16:49
       565 ,              3 ,2024-05-29 13:46:15
       566 ,              2 ,2024-08-31 00:24:48
       567 ,              1 ,2024-05-24 19:03:32
       568 ,              5 ,2024-08-18 14:11:06
       569 ,              3 ,2024-09-26 10:45:58
       570 ,              2 ,2024-07-30 20:27:39
       572 ,              3 ,2024-08-03 12:24:24
       575 ,              5 ,2024-09-27 02:18:51
       576 ,              3 ,2024-09-02 03:34:48
       578 ,              5 ,2024-09-30 04:36:35
       579 ,              1 ,2024-01-11 19:57:36
       583 ,              2 ,2024-07-08 09:09:53
       585 ,              1 ,2024-10-04 00:30:35
       586 ,              3 ,2024-09-24 17:55:21
       588 ,              1 ,2024-09-13 11:18:22
       589 ,              1 ,2024-01-19 07:20:32
       591 ,              1 ,2024-04-17 17:54:53
       592 ,              3 ,2024-09-20 02:20:13
       595 ,              2 ,2024-08-19 15:37:00
       596 ,              1 ,2024-05-22 10:14:03
       598 ,              4 ,2024-08-04 02:31:31
       601 ,              2 ,2024-08-08 11:29:04
       602 ,              1 ,2024-06-26 07:50:37
       603 ,              3 ,2024-09-25 05:53:43
       605 ,              2 ,2024-06-12 04:12:41
       606 ,              1 ,2024-01-11 02:06:55
       607 ,              5 ,2024-09-16 20:09:24
       608 ,              3 ,2024-05-11 04:15:40
       611 ,              2 ,2024-07-14 07:12:42
       613 ,              1 ,2024-04-19 16:44:25
       614 ,              3 ,2024-08-08 16:19:06
       615 ,              2 ,2024-09-08 21:18:13
       616 ,              1 ,2024-01-24 02:52:02
       617 ,              2 ,2024-08-18 23:58:29
       618 ,              9 ,2024-10-02 07:02:10
       619 ,              2 ,2024-06-06 10:29:14
       620 ,              1 ,2024-02-06 16:09:58
       621 ,              1 ,2024-04-11 00:38:04
       622 ,              2 ,2024-07-09 10:27:24
       623 ,              1 ,2024-02-11 18:46:20
       624 ,              1 ,2024-05-29 07:25:26
       625 ,              2 ,2024-08-15 09:09:33
       626 ,              1 ,2024-05-18 17:54:07
       627 ,              1 ,2024-07-15 19:42:51
       629 ,              3 ,2024-06-22 10:15:50
       630 ,              1 ,2024-02-18 23:58:47
       632 ,              3 ,2024-06-12 15:17:52
       633 ,              2 ,2024-02-06 01:44:34
       634 ,              1 ,2024-05-28 04:42:13
       636 ,              1 ,2024-07-29 00:19:33
       637 ,              1 ,2024-04-11 04:45:24
       638 ,              2 ,2024-07-09 06:46:00
       640 ,              2 ,2024-09-10 02:05:38
       642 ,              2 ,2024-08-14 00:59:59
       643 ,              1 ,2024-06-04 21:46:20
       644 ,              3 ,2024-07-23 18:59:47
       647 ,              4 ,2024-06-11 14:22:46
       648 ,              4 ,2024-09-15 22:58:40
       649 ,              2 ,2024-06-25 07:47:39
       650 ,              1 ,2024-08-29 17:38:59
       652 ,              3 ,2024-03-21 01:24:27
       653 ,              1 ,2024-01-23 11:05:03
       654 ,              3 ,2024-07-19 23:32:18
       656 ,              1 ,2024-05-24 06:31:04
       657 ,              2 ,2024-02-10 18:39:49
       658 ,              1 ,2024-08-05 08:10:48
       659 ,              6 ,2024-08-04 19:00:49
       660 ,              1 ,2024-02-24 01:00:43
       661 ,              1 ,2024-09-04 00:25:52
       662 ,              1 ,2024-05-08 18:48:17
       664 ,              1 ,2024-06-20 11:51:18
       665 ,              1 ,2024-09-18 22:01:21
       666 ,              1 ,2024-08-23 11:42:42
       667 ,              4 ,2024-09-15 01:50:18
       668 ,              2 ,2024-05-11 22:46:22
       669 ,              2 ,2024-08-16 17:01:16
       670 ,              3 ,2024-08-25 23:07:41
       673 ,              1 ,2024-04-19 09:50:43
       674 ,              2 ,2024-06-22 19:30:44
       675 ,              2 ,2024-07-03 22:56:50
       676 ,              1 ,2024-08-30 10:15:42
       678 ,              3 ,2024-09-07 23:46:35
       679 ,              1 ,2024-05-18 10:04:15
       680 ,              2 ,2024-08-31 07:20:10
       681 ,              1 ,2024-07-09 08:25:55
       682 ,              1 ,2024-01-07 23:34:36
       683 ,              2 ,2024-05-02 22:11:33
       686 ,              1 ,2024-01-10 18:58:11
       688 ,              1 ,2024-09-25 17:32:06
       689 ,              2 ,2024-07-30 23:01:03
       690 ,              2 ,2024-08-08 07:44:59
       692 ,              1 ,2024-09-25 20:23:38
       693 ,              3 ,2024-09-14 04:06:29
       695 ,              2 ,2024-07-16 23:40:00
       696 ,              2 ,2024-09-25 03:55:01
       698 ,              1 ,2024-09-11 19:42:33
       699 ,              3 ,2024-06-29 05:40:51
       700 ,              2 ,2024-03-01 18:53:49
       701 ,              5 ,2024-08-27 15:04:11
       702 ,              2 ,2024-05-22 23:19:18
       703 ,              2 ,2024-02-02 18:19:01
       704 ,              3 ,2024-08-04 11:46:47
       706 ,              2 ,2024-09-06 22:34:20
       707 ,              1 ,2024-08-28 12:45:57
       708 ,              2 ,2024-04-08 23:41:21
       710 ,              3 ,2024-06-06 21:57:01
       711 ,              4 ,2024-10-03 00:03:31
       712 ,              1 ,2024-01-25 22:37:51
       713 ,              2 ,2024-07-30 03:49:22
       714 ,              3 ,2024-08-09 12:33:27
       716 ,              1 ,2024-05-25 01:16:21
       718 ,              2 ,2024-09-15 08:45:03
       719 ,              4 ,2024-09-26 12:33:20
       722 ,              3 ,2024-08-22 22:52:32
       723 ,              1 ,2024-04-30 13:14:09
       724 ,              2 ,2024-08-25 23:44:47
       725 ,              5 ,2024-09-20 23:49:15
       726 ,              2 ,2024-09-08 02:07:31
       727 ,              5 ,2024-09-07 08:48:38
       729 ,              3 ,2024-05-24 15:02:26
       730 ,              2 ,2024-09-29 07:43:37
       731 ,              3 ,2024-08-08 22:04:43
       733 ,              2 ,2024-08-31 09:26:44
       734 ,              1 ,2024-04-30 15:41:38
       735 ,              1 ,2024-07-19 20:59:16
       737 ,              3 ,2024-09-08 07:38:44
       739 ,              1 ,2024-01-09 06:07:14
       743 ,              3 ,2024-05-15 12:14:47
       746 ,              2 ,2024-07-25 07:54:02
       747 ,              1 ,2024-01-01 13:51:15
       748 ,              2 ,2024-04-22 03:12:11
       749 ,              2 ,2024-09-29 16:20:52
       750 ,              3 ,2024-03-05 11:11:05
       751 ,              1 ,2024-09-22 13:52:58
       752 ,              3 ,2024-10-01 19:28:40
       753 ,              1 ,2024-06-23 09:20:21
       754 ,              1 ,2024-01-08 05:21:51
       755 ,              1 ,2024-05-03 15:59:11
       757 ,              3 ,2024-06-01 07:25:42
       759 ,              2 ,2024-09-07 07:57:25
       760 ,              2 ,2024-09-08 09:00:26
       761 ,              1 ,2024-01-15 19:31:17
       762 ,              1 ,2024-08-24 18:46:38
       763 ,              3 ,2024-06-21 22:26:57
       764 ,              2 ,2024-07-31 01:17:27
       765 ,              3 ,2024-08-12 02:32:57
       766 ,              2 ,2024-04-28 05:35:54
       767 ,              2 ,2024-08-24 01:30:05
       768 ,              5 ,2024-07-09 06:36:18
       769 ,              2 ,2024-09-14 16:21:54
       770 ,              4 ,2024-09-01 18:19:57
       771 ,              7 ,2024-09-25 23:40:46
       772 ,              4 ,2024-09-14 23:55:16
       773 ,              1 ,2024-03-02 22:20:00
       774 ,              1 ,2024-05-23 19:26:43
       775 ,              1 ,2024-08-17 06:02:39
       776 ,              2 ,2024-08-06 01:22:32
       777 ,              2 ,2024-07-30 00:09:57
       778 ,              1 ,2024-05-16 14:17:23
       779 ,              1 ,2024-04-12 13:00:06
       780 ,              3 ,2024-06-11 01:58:11
       781 ,              3 ,2024-08-07 03:05:30
       783 ,              3 ,2024-03-30 14:12:40
       784 ,              2 ,2024-09-18 10:04:56
       785 ,              2 ,2024-08-04 05:27:27
       786 ,              2 ,2024-09-25 15:08:54
       787 ,              1 ,2024-03-01 23:42:27
       788 ,              3 ,2024-05-19 02:47:03
       789 ,              3 ,2024-08-29 23:53:31
       790 ,              3 ,2024-08-02 13:09:49
       791 ,              1 ,2024-07-16 04:12:34
       792 ,              4 ,2024-09-22 08:14:34
       794 ,              1 ,2024-01-19 01:28:47
       795 ,              1 ,2024-02-24 06:59:22
       796 ,              1 ,2024-10-02 22:58:31
       797 ,              3 ,2024-08-24 20:57:11
       799 ,              2 ,2024-09-22 18:51:18
       800 ,              1 ,2024-01-02 08:20:33
       802 ,              1 ,2024-01-07 18:28:04
       804 ,              3 ,2024-07-03 04:43:25
       805 ,              1 ,2024-02-20 06:12:00
       806 ,              2 ,2024-03-22 09:57:29
       807 ,              1 ,2024-05-26 08:05:45
       808 ,              2 ,2024-08-05 05:20:03
       809 ,              1 ,2024-06-06 15:42:20
       810 ,              1 ,2024-02-03 12:22:44
       812 ,              1 ,2024-07-25 17:07:54
       813 ,              3 ,2024-10-03 13:00:00
       814 ,              2 ,2024-08-26 09:45:19
       815 ,              4 ,2024-07-18 03:00:04
       816 ,              1 ,2024-02-19 16:19:09
       819 ,              1 ,2024-03-24 06:26:06
       820 ,              1 ,2024-07-13 07:58:23
       821 ,              1 ,2024-08-10 18:56:49
       823 ,              2 ,2024-05-01 19:03:42
       825 ,              2 ,2024-04-23 07:43:12
       826 ,              3 ,2024-07-18 13:04:34
       827 ,              2 ,2024-05-06 16:07:05
       828 ,              4 ,2024-09-25 19:13:56
       829 ,              1 ,2024-03-11 16:24:53
       830 ,              4 ,2024-08-03 12:10:19
       831 ,              1 ,2024-09-10 21:34:23
       833 ,              1 ,2024-04-15 08:07:28
       834 ,              1 ,2024-03-21 12:48:17
       835 ,              3 ,2024-09-10 03:31:14
       836 ,              2 ,2024-09-10 23:27:16
       837 ,              1 ,2024-04-15 06:24:56
       838 ,              4 ,2024-07-17 22:45:41
       839 ,              1 ,2024-04-27 14:45:06
       841 ,              1 ,2024-08-04 21:58:54
       843 ,              2 ,2024-08-14 11:18:41
       845 ,              1 ,2024-06-09 22:45:54
       846 ,              5 ,2024-04-12 10:02:14
       848 ,              1 ,2024-03-20 00:55:38
       850 ,              3 ,2024-07-17 09:19:18
       851 ,              1 ,2024-09-05 03:05:24
       852 ,              4 ,2024-09-29 22:34:02
       853 ,              2 ,2024-04-06 00:23:50
       854 ,              4 ,2024-09-18 01:29:55
       855 ,              2 ,2024-06-11 05:20:53
       857 ,              3 ,2024-04-19 11:50:28
       858 ,              3 ,2024-10-04 11:34:15
       859 ,              2 ,2024-04-07 05:10:54
       860 ,              1 ,2024-06-27 14:10:47
       861 ,              2 ,2024-02-15 10:33:11
       862 ,              1 ,2024-02-05 03:28:56
       863 ,              1 ,2024-02-03 18:35:07
       864 ,              2 ,2024-03-26 17:07:56
       865 ,              4 ,2024-09-30 00:58:37
       867 ,              2 ,2024-09-30 10:23:00
       868 ,              2 ,2024-09-03 00:18:51
       869 ,              1 ,2024-08-14 08:10:52
       870 ,              1 ,2024-02-18 13:41:10
       871 ,              1 ,2024-08-30 13:14:23
       872 ,              1 ,2024-08-01 03:38:06
       873 ,              2 ,2024-10-02 07:54:51
       874 ,              4 ,2024-08-06 19:06:23
       876 ,              1 ,2024-01-16 07:42:56
       877 ,              1 ,2024-06-07 13:18:29
       878 ,              3 ,2024-05-25 01:53:50
       879 ,              2 ,2024-09-01 08:26:26
       880 ,              1 ,2024-03-30 09:18:48
       883 ,              2 ,2024-06-20 03:12:17
       884 ,              2 ,2024-04-23 19:29:05
       885 ,              2 ,2024-05-01 10:44:54
       886 ,              5 ,2024-09-26 04:19:40
       888 ,              2 ,2024-02-13 18:22:21
       889 ,              3 ,2024-09-25 19:37:44
       890 ,              1 ,2024-06-10 04:51:15
       891 ,              3 ,2024-07-28 02:58:46
       892 ,              1 ,2024-02-24 06:39:03
       893 ,              2 ,2024-09-11 19:19:58
       894 ,              1 ,2024-07-24 17:23:28
       897 ,              2 ,2024-04-21 15:59:06
       898 ,              2 ,2024-06-15 15:51:14
       900 ,              2 ,2024-08-24 20:53:27
       901 ,              1 ,2024-02-08 15:12:53
       902 ,              2 ,2024-08-24 06:34:38
       903 ,              2 ,2024-06-08 06:39:29
       905 ,              4 ,2024-08-19 06:44:39
       906 ,              2 ,2024-09-23 05:01:55
       907 ,              1 ,2024-04-26 18:17:30
       908 ,              2 ,2024-06-04 13:55:24
       909 ,              2 ,2024-07-30 15:29:49
       910 ,              2 ,2024-05-17 23:55:14
       911 ,              2 ,2024-08-05 21:08:52
       912 ,              1 ,2024-04-28 21:17:00
       915 ,              1 ,2024-06-18 07:41:13
       916 ,              1 ,2024-07-13 17:42:10
       917 ,              1 ,2024-04-06 03:43:31
       918 ,              1 ,2024-08-03 09:43:00
       919 ,              1 ,2024-01-26 03:03:07
       920 ,              2 ,2024-06-26 21:05:15
       922 ,              3 ,2024-07-11 19:04:48
       923 ,              1 ,2024-05-12 11:14:12
       924 ,              1 ,2024-04-27 07:06:05
       925 ,              2 ,2024-07-18 14:59:15
       926 ,              3 ,2024-08-04 07:15:09
       927 ,              2 ,2024-05-06 04:46:42
       928 ,              3 ,2024-03-20 19:15:01
       929 ,              2 ,2024-08-19 11:23:41
       930 ,              1 ,2024-03-08 12:41:13
       931 ,              1 ,2024-01-26 20:51:17
       932 ,              3 ,2024-09-20 19:38:37
       933 ,              2 ,2024-08-30 23:45:00
       934 ,              1 ,2024-08-04 04:05:03
       935 ,              3 ,2024-04-23 18:34:06
       937 ,              2 ,2024-02-23 22:10:15
       938 ,              1 ,2024-02-29 21:27:36
       939 ,              1 ,2024-08-29 23:29:30
       940 ,              3 ,2024-05-09 20:09:11
       941 ,              2 ,2024-07-17 16:38:24
       942 ,              1 ,2024-06-03 08:42:07
       945 ,              1 ,2024-03-22 14:00:36
       946 ,              2 ,2024-07-21 05:44:56
       948 ,              1 ,2024-08-30 06:18:14
       949 ,              1 ,2024-07-21 19:15:19
       952 ,              2 ,2024-03-13 15:40:06
       953 ,              1 ,2024-08-17 06:01:03
       954 ,              3 ,2024-08-18 18:47:21
       955 ,              3 ,2024-03-28 20:46:26
       957 ,              2 ,2024-07-28 13:57:15
       958 ,              2 ,2024-06-19 03:54:47
       959 ,              4 ,2024-09-06 10:36:13
       960 ,              3 ,2024-09-01 12:38:46
       961 ,              1 ,2024-06-07 19:22:32
       962 ,              1 ,2024-02-22 07:56:01
       963 ,              1 ,2024-06-15 06:35:35
       965 ,              2 ,2024-03-07 20:34:16
       966 ,              1 ,2024-01-26 03:03:25
       968 ,              1 ,2024-09-03 16:22:03
       969 ,              1 ,2024-09-30 19:08:11
       970 ,              2 ,2024-05-22 05:06:06
       971 ,              2 ,2024-07-08 20:24:57
       972 ,              2 ,2024-07-21 09:27:23
       973 ,              3 ,2024-08-26 14:44:22
       974 ,              1 ,2024-01-13 08:21:46
       975 ,              2 ,2024-06-13 01:43:37
       978 ,              1 ,2024-01-28 20:20:54
       979 ,              3 ,2024-09-19 09:57:36
       980 ,              2 ,2024-07-14 00:11:22
       981 ,              1 ,2024-03-22 01:31:01
       982 ,              2 ,2024-04-11 21:57:08
       984 ,              1 ,2024-03-07 16:16:49
       985 ,              1 ,2024-05-15 03:50:26
       986 ,              3 ,2024-08-10 12:36:36
       987 ,              1 ,2024-06-02 02:11:25
       988 ,              3 ,2024-07-19 12:08:06
       990 ,              3 ,2024-08-08 10:28:03
       991 ,              2 ,2024-03-09 03:53:26
       992 ,              2 ,2024-06-21 00:28:18
       994 ,              2 ,2024-07-02 08:32:09
       995 ,              1 ,2024-06-22 11:08:33
       997 ,              1 ,2024-04-12 03:45:54
       998 ,              3 ,2024-09-28 09:28:58
